Player,Nationality,Role,Team,Price,Season
Aaron Finch,Overseas,Batsman,Sunrisers Hyderabad,4,2014
Aaron Finch,Overseas,Batsman,Mumbai Indians,3.2,2015
Aaron Finch,Overseas,Batsman,Gujarat Lions,1,2016
Aaron Finch,Overseas,Batsman,Punjab Kings,6.2,2018
Aaron Finch,Overseas,Batsman,Royal Challengers Bengaluru,4.4,2020
Abdul Samad,Indian,All-Rounder,Sunrisers Hyderabad,0.2,2020
Abhijeet Tomar,Indian,Batsman,Kolkata Knight Riders,0.4,2022
Abhimanyu Mithun,Indian,Bowler,Mumbai Indians,0.3,2015
Abhimanyu Mithun,Indian,Bowler,Sunrisers Hyderabad,0.3,2016
Abhinav Sadarangani,Indian,Batsman,Gujarat Titans,2.6,2022
Abhishek Nayar,Indian,All-Rounder,Pune Warriors India,5.0625,2013
Abhishek Nayar,Indian,All-Rounder,Rajasthan Royals,1,2014
Abhishek Sharma,Indian,All-Rounder,Delhi Capitals,0.55,2018
Abhishek Sharma,Indian,All-Rounder,Sunrisers Hyderabad,6.5,2022
Abu Nechim Ahmed,Indian,Bowler,Royal Challengers Bengaluru,0.3,2014
Adam Milne,Overseas,Bowler,Royal Challengers Bengaluru,0.7,2015
Adam Milne,Overseas,Bowler,Mumbai Indians,3.2,2021
Adam Milne,Overseas,Bowler,Chennai Super Kings,1.9,2022
Adam Zampa,Overseas,Bowler,Rising Pune Supergiants,0.3,2016
Aditya Garhwal,Indian,All-Rounder,Kolkata Knight Riders,0.25,2015
Aditya Tare,Indian,Wicket Keeper,Mumbai Indians,1.6,2014
Aditya Tare,Indian,Wicket Keeper,Sunrisers Hyderabad,1.2,2016
Aditya Tare,Indian,Wicket Keeper,Delhi Capitals,0.25,2017
Aditya Tare,Indian,Wicket Keeper,Mumbai Indians,0.2,2018
Agnivesh Ayachi,Indian,All-Rounder,Punjab Kings,0.2,2019
Aiden Blizzard,Overseas,Batsman,Mumbai Indians,0.3,2015
Aiden Markram,Overseas,Batsman,Sunrisers Hyderabad,2.6,2022
Ajantha Mendis,Overseas,Bowler,Pune Warriors India,5.4375,2013
Ajinkya Rahane,Indian,Batsman,Rajasthan Royals,4,2018
Ajinkya Rahane,Indian,Batsman,Kolkata Knight Riders,1,2022
Akash Deep,Indian,Bowler,Royal Challengers Bengaluru,0.2,2022
Akash Singh,Indian,Bowler,Rajasthan Royals,0.2,2020
Akash Singh,Indian,Bowler,Rajasthan Royals,0.2,2021
Akhil Arvind Herwadkar,Indian,All-Rounder,Delhi Capitals,0.1,2016
Akila Dananjaya,Overseas,All-Rounder,Chennai Super Kings,0.15,2013
Akila Dhananjaya,Overseas,Bowler,Mumbai Indians,0.5,2018
Akshar Rajesh Patel,Indian,All-Rounder,Punjab Kings,0.75,2014
Akshay Karnewar,Indian,All-Rounder,Royal Challengers Bengaluru,0.1,2016
Akshay Wakhare,Indian,Bowler,Mumbai Indians,0.1,2015
Akshdeep Nath,Indian,All-Rounder,Gujarat Lions,0.1,2016
Akshdeep Nath,Indian,All-Rounder,Gujarat Lions,0.1,2017
Akshdeep Nath,Indian,All-Rounder,Punjab Kings,1,2018
Akshdeep Nath,Indian,All-Rounder,Royal Challengers Bengaluru,3.6,2019
Albie Morkel,Overseas,All-Rounder,Royal Challengers Bengaluru,2.4,2014
Albie Morkel,Overseas,All-Rounder,Delhi Capitals,0.3,2015
Alex Carey,Overseas,Wicket Keeper,Delhi Capitals,2.4,2020
Alex Hales,Overseas,Batsman,Kolkata Knight Riders,1.5,2022
Alzarri Joseph,Overseas,Bowler,Gujarat Titans,2.4,2022
Aman Khan,Indian,All-Rounder,Kolkata Knight Riders,0.2,2022
Ambati Rayudu,Indian,Wicket Keeper,Chennai Super Kings,2.2,2018
Ambati Rayudu,Indian,Wicket Keeper,Chennai Super Kings,6.75,2022
Amit Mishra,Indian,Bowler,Rajasthan Royals,0.1,2014
Amit Mishra,Indian,Bowler,Sunrisers Hyderabad,4.75,2014
Amit Mishra,Indian,Bowler,Delhi Capitals,3.5,2015
Amit Mishra,Indian,Bowler,Gujarat Lions,0.1,2016
Amit Mishra,Indian,Bowler,Delhi Capitals,4,2018
Amit Paunikar,Indian,Wicket Keeper,Sunrisers Hyderabad,0.2,2014
Andre Russell,Overseas,All-Rounder,Kolkata Knight Riders,0.6,2014
Andrew Tye,Overseas,Bowler,Chennai Super Kings,0.2,2015
Andrew Tye,Overseas,All-Rounder,Gujarat Lions,0.5,2016
Andrew Tye,Overseas,Bowler,Punjab Kings,7.2,2018
Andrew Tye,Overseas,Bowler,Rajasthan Royals,1,2020
Aneeshwar Gautam,Indian,All-Rounder,Royal Challengers Bengaluru,0.2,2022
Angelo Mathews,Overseas,All-Rounder,Delhi Capitals,7.5,2015
Angelo Mathews,Overseas,All-Rounder,Delhi Capitals,2,2017
Aniket Choudhary,Indian,Bowler,Royal Challengers Bengaluru,2,2017
Aniket Choudhary,Indian,Bowler,Royal Challengers Bengaluru,0.3,2018
Anirudha Ashok Joshi,Indian,All-Rounder,Royal Challengers Bengaluru,0.2,2018
Anirudha Ashok Joshi,Indian,All-Rounder,Rajasthan Royals,0.2,2020
Ankeet Bawane,Indian,Batsman,Delhi Capitals,0.1,2017
Ankit Nagendra Sharma,Indian,Bowler,Rajasthan Royals,0.1,2014
Ankit Sharma,Indian,All-Rounder,Rising Pune Supergiants,0.1,2016
Ankit Sharma,Indian,All-Rounder,Rajasthan Royals,0.2,2018
Ankit Singh Rajpoot,Indian,Bowler,Kolkata Knight Riders,1.5,2016
Ankit Singh Rajpoot,Indian,Bowler,Punjab Kings,3,2018
Ankit Singh Rajpoot,Indian,Bowler,Lucknow Super Giants,0.5,2022
Ankush Bains,Indian,Wicket Keeper,Rajasthan Royals,0.1,2014
Ankush Bains,Indian,Wicket Keeper,Chennai Super Kings,0.1,2015
Ankush Bains,Indian,Wicket Keeper,Rising Pune Supergiants,0.1,2016
Ankush Bains,Indian,Wicket Keeper,Delhi Capitals,0.2,2019
Anmolpreet Singh,Indian,Batsman,Mumbai Indians,0.8,2019
Anmolpreet Singh,Indian,Batsman,Mumbai Indians,0.2,2022
Anrich Nortje,Overseas,Bowler,Kolkata Knight Riders,0.2,2019
Ansh Patel,Indian,All-Rounder,Punjab Kings,0.2,2022
Anuj Rawat,Indian,Wicket Keeper,Rajasthan Royals,0.8,2020
Anuj Rawat,Indian,Wicket Keeper,Royal Challengers Bengaluru,3.4,2022
Anukul Roy,Indian,All-Rounder,Mumbai Indians,0.2,2018
Anukul Roy,Indian,All-Rounder,Kolkata Knight Riders,0.2,2022
Anunay Singh,Indian,All-Rounder,Rajasthan Royals,0.2,2022
Anureet Singh,Indian,Bowler,Punjab Kings,0.2,2014
Anureet Singh,Indian,Bowler,Rajasthan Royals,0.3,2018
Apoorv Vijay Wankhade,Indian,Batsman,Mumbai Indians,0.1,2014
Apoorv Vijay Wankhade,Indian,Batsman,Kolkata Knight Riders,0.2,2018
Arjun Tendulkar,Indian,All-Rounder,Mumbai Indians,0.2,2021
Arjun Tendulkar,Indian,All-Rounder,Mumbai Indians,0.3,2022
Armaan Jaffer,Indian,Batsman,Punjab Kings,0.1,2016
Arshdeep Singh,Indian,Bowler,Punjab Kings,0.2,2019
Aryaman Vikram Birla,Indian,All-Rounder,Rajasthan Royals,0.3,2018
Aryan Juyal,Indian,Wicket Keeper,Mumbai Indians,0.2,2022
Asela Gunarathna,Overseas,Batsman,Mumbai Indians,0.3,2017
Ashish Nehra,Indian,Bowler,Chennai Super Kings,2,2014
Ashish Nehra,Indian,Bowler,Sunrisers Hyderabad,5.5,2016
Ashish Reddy,Indian,Bowler,Sunrisers Hyderabad,0.2,2014
Ashok Dinda,Indian,Bowler,Royal Challengers Bengaluru,1.5,2014
Ashok Dinda,Indian,Bowler,Rising Pune Supergiants,0.5,2016
Ashok Sharma,Indian,Bowler,Kolkata Knight Riders,0.55,2022
Ashton Turner,Indian,All-Rounder,Rajasthan Royals,0.5,2019
Ashwin Hebbar,Indian,Batsman,Delhi Capitals,0.2,2022
Asif K M,Indian,Bowler,Chennai Super Kings,0.4,2018
Atharva Taide,Indian,All-Rounder,Punjab Kings,0.2,2022
Avesh Khan,Indian,Bowler,Delhi Capitals,0.7,2018
Avesh Khan,Indian,Bowler,Lucknow Super Giants,10,2022
Axar Rajesh Patel,Indian,All-Rounder,Delhi Capitals,5,2019
Ayush Badoni,Indian,All-Rounder,Lucknow Super Giants,0.2,2022
B. Sai Sudharsan,Indian,All-Rounder,Gujarat Titans,0.2,2022
Baba Aparajith,Indian,Batsman,Chennai Super Kings,0.1,2014
Baba Aparajith,Indian,All-Rounder,Rising Pune Supergiants,0.1,2016
Baba Indrajith,Indian,Wicket Keeper,Kolkata Knight Riders,0.2,2022
Baltej Dhanda,Indian,Bowler,Punjab Kings,0.2,2022
Bandaru Ayyappa,Indian,Bowler,Delhi Capitals,0.2,2019
Barinder Singh Saran,Indian,Bowler,Rajasthan Royals,0.1,2015
Barinder Singh Sran,Indian,Bowler,Sunrisers Hyderabad,1.2,2016
Barinder Singh Sran,Indian,Bowler,Punjab Kings,2.2,2018
Barinder Singh Sran,Indian,Bowler,Mumbai Indians,3.4,2019
Basil Thampi,Indian,Bowler,Gujarat Lions,0.85,2017
Basil Thampi,Indian,Bowler,Sunrisers Hyderabad,0.95,2018
Basil Thampi,Indian,Bowler,Mumbai Indians,0.3,2022
Ben Cutting,Overseas,Bowler,Rajasthan Royals,0.8,2014
Ben Cutting,Overseas,All-Rounder,Sunrisers Hyderabad,0.5,2016
Ben Cutting,Overseas,All-Rounder,Mumbai Indians,2.2,2018
Ben Cutting,Overseas,All-Rounder,Kolkata Knight Riders,0.75,2021
Ben Dunk,Overseas,Wicket Keeper,Mumbai Indians,0.2,2014
Ben Dwarshuis,Overseas,Bowler,Punjab Kings,1.4,2018
Ben Hilfenhaus,Overseas,Bowler,Chennai Super Kings,1,2014
Ben Laughlin,Overseas,Bowler,Chennai Super Kings,0.15,2013
Ben Laughlin,Overseas,Bowler,Sunrisers Hyderabad,0.3,2017
Ben Laughlin,Overseas,Bowler,Rajasthan Royals,0.5,2018
Benjamin Stokes,Overseas,All-Rounder,Rising Pune Supergiants,14.5,2017
Benjamin Stokes,Overseas,All-Rounder,Rajasthan Royals,12.5,2018
Benny Howell,Overseas,All-Rounder,Punjab Kings,0.4,2022
Beuran Hendricks,Overseas,Bowler,Punjab Kings,1.8,2014
Bhanuka Rajapaksa,Overseas,Batsman,Punjab Kings,0.5,2022
Bhuvneshwar Kumar,Overseas,Bowler,Sunrisers Hyderabad,4.25,2014
Bhuvneshwar Kumar,Indian,Bowler,Sunrisers Hyderabad,4.2,2022
Billy Stanlake,Overseas,Bowler,Royal Challengers Bengaluru,0.3,2017
Billy Stanlake,Overseas,Batsman,Sunrisers Hyderabad,0.5,2018
Bipul Sharma,Indian,All-Rounder,Sunrisers Hyderabad,0.2,2018
Brad Hodge,Overseas,Batsman,Rajasthan Royals,2.4,2014
Brad Hogg,Overseas,Bowler,Kolkata Knight Riders,0.5,2015
Brendan Taylor,Overseas,Wicket Keeper,Sunrisers Hyderabad,0.3,2014
Brendon McCullum,Overseas,Wicket Keeper,Chennai Super Kings,3.25,2014
Brendon McCullum,Overseas,Batsman,Royal Challengers Bengaluru,3.6,2018
C Hari Nishaanth,Indian,Batsman,Chennai Super Kings,0.2,2021
C.Hari Nishaanth,Indian,Batsman,Chennai Super Kings,0.2,2022
C.M. Gautam,Indian,Wicket Keeper,Mumbai Indians,0.2,2014
C.M. Gautam,Indian,Wicket Keeper,Delhi Capitals,0.2,2015
Cameron Delport,Overseas,All-Rounder,Kolkata Knight Riders,0.3,2018
Carlos Brathwaite,Overseas,All-Rounder,Delhi Capitals,4.2,2016
Carlos Brathwaite,Overseas,All-Rounder,Sunrisers Hyderabad,2,2018
Carlos Brathwaite,Overseas,All-Rounder,Kolkata Knight Riders,5,2019
Chaitanya Bishnoi,Indian,All-Rounder,Chennai Super Kings,0.2,2018
Chama Milind,Indian,Bowler,Sunrisers Hyderabad,0.1,2014
Chama Milind,Indian,Bowler,Delhi Capitals,0.1,2016
Chama Milind,Indian,Bowler,Royal Challengers Bengaluru,0.25,2022
Chamika Karunaratne,Overseas,All-Rounder,Kolkata Knight Riders,0.5,2022
Chetan Sakariya,Indian,Bowler,Rajasthan Royals,1.2,2021
Chetan Sakariya,Indian,Bowler,Delhi Capitals,4.2,2022
Cheteshwar Pujara,Indian,Batsman,Punjab Kings,1.9,2014
Cheteshwar Pujara,Indian,Batsman,Chennai Super Kings,0.5,2021
Chirag Suri,Indian,Batsman,Gujarat Lions,0.1,2017
Chris Green,Overseas,All-Rounder,Kolkata Knight Riders,0.2,2020
Chris Jordan,Overseas,All-Rounder,Sunrisers Hyderabad,0.5,2017
Chris Jordan,Overseas,All-Rounder,Sunrisers Hyderabad,1,2018
Chris Jordan,Overseas,All-Rounder,Punjab Kings,3,2020
Chris Jordan,Overseas,All-Rounder,Chennai Super Kings,3.6,2022
Chris Lynn,Overseas,Batsman,Kolkata Knight Riders,1.3,2014
Chris Lynn,Overseas,Batsman,Kolkata Knight Riders,9.6,2018
Chris Lynn,Overseas,Batsman,Mumbai Indians,2,2020
Chris Woakes,Overseas,All-Rounder,Kolkata Knight Riders,4.2,2017
Chris Woakes,Overseas,All-Rounder,Royal Challengers Bengaluru,7.4,2018
Chris Woakes,Overseas,All-Rounder,Delhi Capitals,1.5,2020
Christopher Barnwell,Overseas,All-Rounder,Royal Challengers Bengaluru,0.375,2013
Christopher Gayle,Overseas,Batsman,Punjab Kings,2,2018
Christopher Morris,Overseas,All-Rounder,Chennai Super Kings,4.6875,2013
Christopher Morris,Overseas,All-Rounder,Rajasthan Royals,1.4,2015
Christopher Morris,Overseas,All-Rounder,Delhi Capitals,7,2016
Christopher Morris,Overseas,All-Rounder,Royal Challengers Bengaluru,10,2020
Christopher Morris,Overseas,All-Rounder,Rajasthan Royals,16.25,2021
Clinton McKay,Overseas,Bowler,Sunrisers Hyderabad,0.75,2013
Colin De Grandhomme,Overseas,All-Rounder,Royal Challengers Bengaluru,2.2,2018
Colin Ingram,Overseas,Batsman,Delhi Capitals,6.4,2019
Colin Munro,Overseas,All-Rounder,Kolkata Knight Riders,0.3,2016
Colin Munro,Overseas,All-Rounder,Delhi Capitals,1.9,2018
Corey Anderson,Overseas,All-Rounder,Mumbai Indians,4.5,2014
Corey Anderson,Overseas,All-Rounder,Delhi Capitals,1,2017
Dale Steyn,Overseas,Bowler,Gujarat Lions,2.3,2016
Dale Steyn,Overseas,Bowler,Royal Challengers Bengaluru,2,2020
Dan Christian,Overseas,All-Rounder,Royal Challengers Bengaluru,4.8,2021
Daniel Christian,Overseas,All-Rounder,Royal Challengers Bengaluru,0.75,2013
Daniel Christian,Overseas,All-Rounder,Rising Pune Supergiants,1,2017
Daniel Christian,Overseas,All-Rounder,Delhi Capitals,1.5,2018
Daniel Sams,Overseas,All-Rounder,Mumbai Indians,2.6,2022
Darcy Short,Overseas,All-Rounder,Rajasthan Royals,4,2018
Darren Bravo,Overseas,Batsman,Kolkata Knight Riders,0.5,2017
Darren Sammy,Overseas,All-Rounder,Sunrisers Hyderabad,3.1875,2013
Darren Sammy,Overseas,All-Rounder,Sunrisers Hyderabad,3.5,2014
Darren Sammy,Overseas,All-Rounder,Royal Challengers Bengaluru,2.8,2015
Darren Sammy,Overseas,All-Rounder,Punjab Kings,0.3,2017
Darshan Nalkande,Indian,All-Rounder,Punjab Kings,0.3,2019
Darshan Nalkande,Indian,All-Rounder,Gujarat Titans,0.2,2022
Daryl Mitchell,Overseas,All-Rounder,Rajasthan Royals,0.75,2022
David Miller,Overseas,Batsman,Punjab Kings,3,2018
David Miller,Overseas,Batsman,Rajasthan Royals,0.75,2020
David Miller,Overseas,Batsman,Gujarat Titans,3,2022
David Warner,Overseas,Batsman,Sunrisers Hyderabad,5.5,2014
David Warner,Overseas,Batsman,Delhi Capitals,6.25,2022
David Wiese,Overseas,All-Rounder,Royal Challengers Bengaluru,2.8,2015
David Willey,Overseas,All-Rounder,Royal Challengers Bengaluru,2,2022
Dawid Malan,Overseas,All-Rounder,Punjab Kings,1.5,2021
Debabrata Das,Indian,Wicket Keeper,Kolkata Knight Riders,0.2,2014
Deepak Chahar,Indian,All-Rounder,Rising Pune Supergiants,0.1,2016
Deepak Chahar,Indian,All-Rounder,Chennai Super Kings,0.8,2018
Deepak Chahar,Indian,Bowler,Chennai Super Kings,14,2022
Deepak Hooda,Indian,Bowler,Rajasthan Royals,0.4,2014
Deepak Hooda,Indian,All-Rounder,Sunrisers Hyderabad,4.2,2016
Deepak Hooda,Indian,All-Rounder,Sunrisers Hyderabad,3.6,2018
Deepak Hooda,Indian,All-Rounder,Punjab Kings,0.5,2020
Deepak Hooda,Indian,All-Rounder,Lucknow Super Giants,5.75,2022
Deepak Punia,Indian,All-Rounder,Mumbai Indians,0.1,2016
Devdutt Padikkal,Indian,Batsman,Royal Challengers Bengaluru,0.2,2019
Devdutt Padikkal,Indian,Batsman,Rajasthan Royals,7.75,2022
Devon Conway,Overseas,Batsman,Chennai Super Kings,1,2022
Dewald Brevis,Overseas,Batsman,Mumbai Indians,3,2022
Dhawal Kulkarni,Indian,Bowler,Rajasthan Royals,1.1,2014
Dhawal Kulkarni,Indian,Bowler,Gujarat Lions,2,2016
Dhawal Kulkarni,Indian,Bowler,Rajasthan Royals,0.75,2018
Dhruv Jurel,Indian,Wicket Keeper,Rajasthan Royals,0.2,2022
Dhruv Shorey,Indian,All-Rounder,Chennai Super Kings,0.2,2018
Digvijay Deshmukh,Indian,All-Rounder,Mumbai Indians,0.2,2020
Dinesh Karthik,Indian,Wicket Keeper,Delhi Capitals,12.5,2014
Dinesh Karthik,Indian,Wicket Keeper,Royal Challengers Bengaluru,10.5,2015
Dinesh Karthik,Indian,Wicket Keeper,Gujarat Lions,2.3,2016
Dinesh Karthik,Indian,Wicket Keeper,Kolkata Knight Riders,7.4,2018
Dinesh Karthik,Indian,Wicket Keeper,Royal Challengers Bengaluru,5.5,2022
Dinesh Salunkhe,Indian,All-Rounder,Rajasthan Royals,0.1,2015
Dirk Nannes,Overseas,Bowler,Chennai Super Kings,4.5,2013
Dishant Yagnik,Indian,Wicket Keeper,Rajasthan Royals,0.3,2014
Dominic Drakes,Overseas,All-Rounder,Gujarat Titans,1.1,2022
Domnic Joseph Muthuswamy,Overseas,Bowler,Delhi Capitals,0.75,2015
Dushmanta Chameera,Overseas,Bowler,Lucknow Super Giants,2,2022
Dushmantha Chameera,Overseas,Bowler,Rajasthan Royals,0.5,2018
Dwaine Pretorius,Overseas,All-Rounder,Chennai Super Kings,0.5,2022
Dwayne Bravo,Overseas,All-Rounder,Chennai Super Kings,6.4,2018
Dwayne Bravo,Overseas,All-Rounder,Chennai Super Kings,4.4,2022
Dwayne Smith,Overseas,Batsman,Chennai Super Kings,4.5,2014
Dwayne Smith,Overseas,All-Rounder,Gujarat Lions,2.3,2016
Eklavya Dwivedi,Indian,Wicket Keeper,Chennai Super Kings,0.1,2015
Eklavya Dwivedi,Indian,Wicket Keeper,Gujarat Lions,1,2016
Eklavya Dwivedi,Indian,Wicket Keeper,Sunrisers Hyderabad,0.75,2017
Eoin Morgan,Overseas,Batsman,Sunrisers Hyderabad,1.5,2015
Eoin Morgan,Overseas,Batsman,Punjab Kings,2,2017
Eoin Morgan,Overseas,Batsman,Kolkata Knight Riders,5.25,2020
Evin Lewis,Overseas,Batsman,Mumbai Indians,3.8,2018
Evin Lewis,Overseas,Batsman,Lucknow Super Giants,2,2022
Fabian Allen,Overseas,All-Rounder,Sunrisers Hyderabad,0.5,2020
Fabian Allen,Overseas,All-Rounder,Punjab Kings,0.75,2021
Fabian Allen,Overseas,All-Rounder,Mumbai Indians,0.75,2022
Faf Du Plessis,Overseas,Batsman,Chennai Super Kings,4.75,2014
Faf Du Plessis,Overseas,Batsman,Chennai Super Kings,1.6,2018
Faf Du Plessis,Overseas,Batsman,Royal Challengers Bengaluru,7,2022
Farhaan Behardien,Overseas,All-Rounder,Punjab Kings,0.3,2016
Fazalhaq Farooqi,Overseas,Bowler,Sunrisers Hyderabad,0.5,2022
Fidel Edwards,Overseas,Bowler,Rajasthan Royals,1.575,2013
Finn Allen,Overseas,Batsman,Royal Challengers Bengaluru,0.8,2022
Gautam Gambhir,Indian,Batsman,Delhi Capitals,2.8,2018
George Bailey,Overseas,Batsman,Punjab Kings,3.25,2014
Glenn Maxwell,Overseas,All-Rounder,Mumbai Indians,7.5,2013
Glenn Maxwell,Overseas,All-Rounder,Punjab Kings,6,2014
Glenn Maxwell,Overseas,All-Rounder,Delhi Capitals,9,2018
Glenn Maxwell,Overseas,All-Rounder,Punjab Kings,10.75,2020
Glenn Maxwell,Overseas,All-Rounder,Royal Challengers Bengaluru,14.25,2021
Glenn Phillips,Overseas,Wicket Keeper,Sunrisers Hyderabad,1.5,2022
Gurinder Sandhu,Indian,Bowler,Delhi Capitals,1.7,2015
Gurkeerat Singh Mann,Indian,All-Rounder,Gujarat Titans,0.5,2022
Gurkeerat Singh Mann,Indian,All-Rounder,Delhi Capitals,0.75,2018
Gurkeerat Singh Mann,Indian,All-Rounder,Royal Challengers Bengaluru,0.5,2019
Gurkeerat Singh Mann,Indian,Batsman,Punjab Kings,1.3,2014
Hanuma Vihari,Indian,Batsman,Sunrisers Hyderabad,0.1,2015
Hanuma Vihari,Indian,Batsman,Delhi Capitals,2,2019
Harbhajan Singh,Indian,Bowler,Chennai Super Kings,2,2018
Harbhajan Singh,Indian,Bowler,Kolkata Knight Riders,2,2021
Hardik Pandya,Indian,All-Rounder,Mumbai Indians,0.1,2015
Hardus Viljoen,Overseas,Bowler,Punjab Kings,0.75,2019
Harpreet Brar,Indian,All-Rounder,Punjab Kings,0.2,2019
Harpreet Brar,Indian,All-Rounder,Punjab Kings,3.8,2022
Harry Gurney,Overseas,Bowler,Kolkata Knight Riders,0.75,2019
Harshal Patel,Indian,Bowler,Royal Challengers Bengaluru,0.4,2014
Harshal Patel,Indian,All-Rounder,Delhi Capitals,0.2,2018
Harshal Patel,Indian,All-Rounder,Royal Challengers Bengaluru,10.75,2022
Heinrich Klaasen,Overseas,Wicket Keeper,Royal Challengers Bengaluru,0.5,2019
Himmat Singh,Indian,Batsman,Royal Challengers Bengaluru,0.65,2019
Hrithik Shokeen,Indian,All-Rounder,Mumbai Indians,0.2,2022
HS Sharath,Indian,Bowler,Delhi Capitals,0.1,2014
Imran Tahir,Overseas,Bowler,Chennai Super Kings,1,2018
Iqbal Abdullah,Indian,All-Rounder,Rajasthan Royals,0.65,2014
Iqbal Abdullah,Indian,All-Rounder,Royal Challengers Bengaluru,0.1,2016
Irfan Pathan,Indian,All-Rounder,Sunrisers Hyderabad,2.4,2014
Irfan Pathan,Indian,All-Rounder,Chennai Super Kings,1.5,2015
Irfan Pathan,Indian,All-Rounder,Rising Pune Supergiants,1,2016
Ishan Kishan,Indian,Wicket Keeper,Gujarat Lions,0.35,2016
Ishan Kishan,Indian,Wicket Keeper,Mumbai Indians,6.2,2018
Ishan Kishan,Indian,Wicket Keeper,Mumbai Indians,15.25,2022
Ishan Porel,Indian,Bowler,Punjab Kings,0.25,2022
Ishan Porel,,Bowler,Punjab Kings,0.2,
Ishank Jaggi,Indian,Batsman,Kolkata Knight Riders,0.1,2017
Ishank Jaggi,Indian,Batsman,Kolkata Knight Riders,0.2,2018
Ishant Sharma,Indian,Bowler,Sunrisers Hyderabad,2.6,2014
Ishant Sharma,Indian,Bowler,Rising Pune Supergiants,3.8,2016
Ishant Sharma,Indian,Bowler,Delhi Capitals,1.1,2019
Ishwar Chandra Pandey,Indian,Bowler,Chennai Super Kings,1.5,2014
Ishwar Chandra Pandey,Indian,Bowler,Rising Pune Supergiants,0.2,2016
Isuru Udana,Overseas,All-Rounder,Royal Challengers Bengaluru,0.5,2020
J Suchith,Indian,Bowler,Sunrisers Hyderabad,0.3,2021
J Suchith,Indian,All-Rounder,Mumbai Indians,0.1,2015
Jacob Oram,Overseas,All-Rounder,Mumbai Indians,0.375,2013
Jacques Kallis,Overseas,All-Rounder,Kolkata Knight Riders,5.5,2014
Jagadeesha Suchith,Indian,Bowler,Sunrisers Hyderabad,0.2,2022
Jalaj Saxena,Indian,All-Rounder,Mumbai Indians,0.9,2014
Jalaj Saxena,Indian,All-Rounder,Royal Challengers Bengaluru,0.1,2015
Jalaj Saxena,Indian,All-Rounder,Delhi Capitals,0.2,2019
Jalaj Saxena,Indian,All-Rounder,Punjab Kings,0.3,2021
James Faulkner,Overseas,All-Rounder,Rajasthan Royals,3,2013
James Neesham,Overseas,All-Rounder,Delhi Capitals,1,2014
James Neesham,Overseas,All-Rounder,Kolkata Knight Riders,0.5,2015
James Neesham,Overseas,All-Rounder,Punjab Kings,0.5,2020
James Neesham,Overseas,All-Rounder,Mumbai Indians,0.5,2021
James Neesham,Overseas,All-Rounder,Rajasthan Royals,1.5,2022
Jaskaran Singh,Indian,Bowler,Rising Pune Supergiants,0.1,2016
Jason Behrendorff,Overseas,Bowler,Mumbai Indians,1.5,2018
Jason Behrendorff,Overseas,Bowler,Royal Challengers Bengaluru,0.75,2022
Jason Holder,Overseas,Bowler,Chennai Super Kings,0.15,2013
Jason Holder,Overseas,Bowler,Sunrisers Hyderabad,0.75,2014
Jason Holder,Overseas,All-Rounder,Kolkata Knight Riders,0.7,2016
Jason Holder,Overseas,All-Rounder,Lucknow Super Giants,8.75,2022
Jason Roy,Overseas,Batsman,Gujarat Lions,1,2017
Jason Roy,Overseas,Batsman,Delhi Capitals,1.5,2018
Jason Roy,Overseas,Batsman,Delhi Capitals,1.5,2020
Jason Roy,Overseas,Batsman,Gujarat Titans,2,2022
Jasprit Bumrah,Indian,Bowler,Mumbai Indians,1.2,2014
Jatin Saxena,Indian,All-Rounder,Rajasthan Royals,0.2,2018
Javon Searless,Indian,All-Rounder,Kolkata Knight Riders,0.3,2018
Jayant Yadav,Indian,All-Rounder,Delhi Capitals,0.1,2014
Jayant Yadav,Indian,All-Rounder,Delhi Capitals,0.5,2018
Jayant Yadav,Indian,All-Rounder,Gujarat Titans,1.7,2022
Jaydev Shah,Indian,All-Rounder,Gujarat Lions,0.2,2016
Jaydev Unadkat,Indian,Bowler,Royal Challengers Bengaluru,3.9375,2013
Jaydev Unadkat,Indian,Bowler,Delhi Capitals,2.8,2014
Jaydev Unadkat,Indian,Bowler,Delhi Capitals,1.1,2015
Jaydev Unadkat,Indian,Bowler,Kolkata Knight Riders,1.6,2016
Jaydev Unadkat,Indian,Bowler,Rising Pune Supergiants,0.3,2017
Jaydev Unadkat,Indian,Bowler,Rajasthan Royals,11.5,2018
Jaydev Unadkat,Indian,Bowler,Rajasthan Royals,8.4,2019
Jaydev Unadkat,Indian,Bowler,Rajasthan Royals,3,2020
Jaydev Unadkat,Indian,Bowler,Mumbai Indians,1.3,2022
Jean-Paul Duminy,Overseas,Batsman,Delhi Capitals,2.2,2014
Jean-Paul Duminy,Overseas,All-Rounder,Mumbai Indians,1,2018
Jeevan Mendis,Overseas,All-Rounder,Delhi Capitals,0.375,2013
Jesse Ryder,Overseas,All-Rounder,Delhi Capitals,1.95,2013
Jhye Richardson,Overseas,Bowler,Punjab Kings,14,2021
Jitesh Sharma,Indian,Wicket Keeper,Mumbai Indians,0.1,2016
Jitesh Sharma,Indian,Wicket Keeper,Punjab Kings,0.2,2022
Joe Denly,Overseas,Batsman,Kolkata Knight Riders,1,2019
Joel Paris,Overseas,Bowler,Delhi Capitals,0.3,2016
Jofra Archer,Overseas,All-Rounder,Rajasthan Royals,7.2,2018
Jofra Archer,Overseas,All-Rounder,Mumbai Indians,8,2022
Johan Botha,Overseas,All-Rounder,Delhi Capitals,3.375,2013
John Hastings,Overseas,All-Rounder,Chennai Super Kings,0.5,2014
John Hastings,Overseas,Bowler,Kolkata Knight Riders,1.3,2016
Jonny Bairstow,Overseas,Wicket Keeper,Sunrisers Hyderabad,2.2,2019
Jonny Bairstow,Overseas,Wicket Keeper,Punjab Kings,6.75,2022
Jos Buttler,Overseas,Wicket Keeper,Mumbai Indians,3.8,2016
Jos Buttler,Overseas,Wicket Keeper,Rajasthan Royals,4.4,2018
Josh Hazlewood,Overseas,Bowler,Mumbai Indians,0.5,2014
Josh Hazlewood,Overseas,Bowler,Chennai Super Kings,2,2020
Josh Hazlewood,Overseas,Bowler,Royal Challengers Bengaluru,7.75,2022
Joshua Philippe,Overseas,Wicket Keeper,Royal Challengers Bengaluru,0.2,2020
Juan Theron,Overseas,Bowler,Rajasthan Royals,0.3,2015
Krishnappa Gowtham,Indian,All-Rounder,Lucknow Super Giants,0.9,2022
K.Bhagath Varma,Indian,All-Rounder,Chennai Super Kings,0.2,2021
K.Bhagath Varma,Indian,All-Rounder,Chennai Super Kings,0.2,2022
K.C Cariappa,Indian,Bowler,Rajasthan Royals,0.2,2021
K.C Cariappa,Indian,Bowler,Rajasthan Royals,0.3,2022
K.C. Cariappa,Indian,Bowler,Kolkata Knight Riders,2.4,2015
K.C. Cariappa,Indian,Bowler,Punjab Kings,0.8,2016
K.K. Jiyaz,Indian,Bowler,Delhi Capitals,0.1,2015
K.M. Asif,Indian,Bowler,Chennai Super Kings,0.2,2022
K.S. Bharat,Indian,Wicket Keeper,Delhi Capitals,2,2022
Kagiso Rabada,Overseas,Bowler,Delhi Capitals,5,2017
Kagiso Rabada,Overseas,Bowler,Delhi Capitals,4.2,2018
Kagiso Rabada,Overseas,Bowler,Punjab Kings,9.25,2022
Kamlesh Nagarkoti,Indian,All-Rounder,Kolkata Knight Riders,3.2,2018
Kamlesh Nagarkoti,Indian,All-Rounder,Delhi Capitals,1.1,2022
Kane Richardson,Overseas,Bowler,Pune Warriors India,5.25,2013
Kane Richardson,Overseas,Bowler,Rajasthan Royals,1,2014
Kane Richardson,Overseas,Bowler,Royal Challengers Bengaluru,2,2016
Kane Richardson,Overseas,Bowler,Royal Challengers Bengaluru,4,2020
Kane Williamson,Overseas,All-Rounder,Sunrisers Hyderabad,0.6,2015
Kane Williamson,Overseas,Batsman,Sunrisers Hyderabad,3,2018
Kanishk Seth,Indian,All-Rounder,Chennai Super Kings,0.2,2018
Karan Sharma,Indian,All-Rounder,Lucknow Super Giants,0.2,2022
Karanveer Singh,Indian,All-Rounder,Punjab Kings,0.1,2014
Karn Sharma,Indian,Bowler,Sunrisers Hyderabad,3.75,2014
Karn Sharma,Indian,All-Rounder,Mumbai Indians,3.2,2017
Karn Sharma,Indian,Bowler,Chennai Super Kings,5,2018
Karn Sharma,Indian,Bowler,Royal Challengers Bengaluru,0.5,2022
Kartik Tyagi,Indian,Bowler,Rajasthan Royals,1.3,2020
Kartik Tyagi,Indian,Bowler,Sunrisers Hyderabad,4,2022
Karun Nair,Indian,Batsman,Rajasthan Royals,0.75,2014
Karun Nair,Indian,Batsman,Delhi Capitals,4,2016
Karun Nair,Indian,Batsman,Punjab Kings,5.6,2018
Karun Nair,Indian,Batsman,Kolkata Knight Riders,0.5,2021
Karun Nair,Indian,Batsman,Rajasthan Royals,1.4,2022
Kedar Jadhav,Indian,Batsman,Delhi Capitals,2,2014
Kedar Jadhav,Indian,All-Rounder,Chennai Super Kings,7.8,2018
Kedar Jadhav,Indian,All-Rounder,Sunrisers Hyderabad,2,2021
Keemo Paul,Overseas,All-Rounder,Delhi Capitals,0.5,2019
Kevin Pietersen,Overseas,Batsman,Delhi Capitals,9,2014
Kevin Pietersen,Overseas,Batsman,Sunrisers Hyderabad,2,2015
Kevin Pietersen,Overseas,Batsman,Rising Pune Supergiants,3.5,2016
Kevon Cooper,Overseas,All-Rounder,Rajasthan Royals,0.3,2014
Kieron Pollard,Overseas,All-Rounder,Mumbai Indians,5.4,2018
Kishore Pramod Kamath,Indian,All-Rounder,Mumbai Indians,1.4,2016
KL Rahul,Indian,Batsman,Sunrisers Hyderabad,1,2014
KL Rahul,Indian,Batsman,Punjab Kings,11,2018
Kona Srikar Bharat,Indian,Wicket Keeper,Delhi Capitals,0.1,2015
Kona Srikar Bharat,Indian,Wicket Keeper,Royal Challengers Bengaluru,0.2,2021
Krishnappa Gowtham,Indian,All-Rounder,Mumbai Indians,2,2017
Krishnappa Gowtham,Indian,Bowler,Rajasthan Royals,6.2,2018
Krishnappa Gowtham,Indian,All-Rounder,Chennai Super Kings,9.25,2021
Krismar Santokie,Overseas,Bowler,Mumbai Indians,0.3,2014
Krunal Pandya,Indian,All-Rounder,Mumbai Indians,2,2016
Krunal Pandya,Indian,All-Rounder,Mumbai Indians,8.8,2018
Krunal Pandya,Indian,All-Rounder,Lucknow Super Giants,8.25,2022
Kshitiz Sharma,Indian,All-Rounder,Chennai Super Kings,0.2,2018
Kuldeep Sen,Indian,Bowler,Rajasthan Royals,0.2,2022
Kuldeep Yadav,Indian,Bowler,Kolkata Knight Riders,0.4,2014
Kuldeep Yadav,Indian,Bowler,Kolkata Knight Riders,5.8,2018
Kuldeep Yadav,Indian,Bowler,Delhi Capitals,2,2022
Kuldip Yadav,Indian,Bowler,Rajasthan Royals,0.2,2021
Kuldip Yadav,Indian,Bowler,Rajasthan Royals,0.2,2022
Kulwant Khejroliya,Indian,Bowler,Mumbai Indians,0.1,2017
Kulwant Khejroliya,Indian,Bowler,Royal Challengers Bengaluru,0.85,2018
Kusal Janith Perera,Indian,Wicket Keeper,Rajasthan Royals,0.15,2013
Kyle Abbott,Overseas,Bowler,Chennai Super Kings,0.3,2015
Kyle Abbott,Overseas,Bowler,Punjab Kings,2.1,2016
Kyle Jamieson,Overseas,All-Rounder,Royal Challengers Bengaluru,15,2021
Kyle Mayers,Overseas,All-Rounder,Lucknow Super Giants,0.5,2022
Lakshmipathy Balaji,Indian,Bowler,Punjab Kings,1.8,2014
Lalit Yadav,Indian,All-Rounder,Delhi Capitals,0.2,2020
Lalit Yadav,Indian,All-Rounder,Delhi Capitals,0.65,2022
Lasith Malinga,Overseas,Bowler,Mumbai Indians,2,2019
Laxmi Ratan Shukla,Indian,All-Rounder,Delhi Capitals,1.5,2014
Laxmi Ratan Shukla,Indian,All-Rounder,Sunrisers Hyderabad,0.3,2015
Liam Livingstone,Overseas,All-Rounder,Rajasthan Royals,0.5,2019
Liam Livingstone,Overseas,All-Rounder,Rajasthan Royals,0.75,2021
Liam Livingstone,Overseas,All-Rounder,Punjab Kings,11.5,2022
Lockie Ferguson,Overseas,Bowler,Rising Pune Supergiants,0.5,2017
Lockie Ferguson,Overseas,Bowler,Kolkata Knight Riders,1.6,2019
Lockie Ferguson,Overseas,Bowler,Gujarat Titans,10,2022
Luke Pomersbach,Overseas,Batsman,Punjab Kings,2.25,2013
Lukman Hussain Meriwala,Indian,Bowler,Delhi Capitals,0.2,2021
Lungisani Ngidi,Overseas,Bowler,Chennai Super Kings,0.5,2018
Lungisani Ngidi,Overseas,Bowler,Delhi Capitals,0.5,2022
Luvnith Sisodia,Indian,Wicket Keeper,Royal Challengers Bengaluru,0.2,2022
M Siddharth,Indian,Bowler,Kolkata Knight Riders,0.2,2020
M Siddharth,Indian,Bowler,Delhi Capitals,0.2,2021
M. Ashwin,Indian,Bowler,Rising Pune Supergiants,4.5,2016
M. Ashwin,Indian,Bowler,Delhi Capitals,1,2017
M. Ashwin,Indian,Bowler,Royal Challengers Bengaluru,2.2,2018
M. Ashwin,Indian,Bowler,Punjab Kings,0.2,2019
M. Harisankar Reddy,Indian,Bowler,Chennai Super Kings,0.2,2021
Washington Sundar,Indian,All-Rounder,Royal Challengers Bengaluru,3.2,2018
Maheesh Theekshana,Overseas,Bowler,Chennai Super Kings,0.7,2022
Mahipal Lomror,Indian,All-Rounder,Delhi Capitals,0.1,2016
Mahipal Lomror,Indian,All-Rounder,Rajasthan Royals,0.2,2018
Mahipal Lomror,Indian,All-Rounder,Royal Challengers Bengaluru,0.95,2022
Manan Ajay Sharma,Indian,All-Rounder,Kolkata Knight Riders,0.1,2016
Manan Vohra,Indian,Batsman,Royal Challengers Bengaluru,1.1,2018
Manan Vohra,Indian,Batsman,Rajasthan Royals,0.2,2019
Manan Vohra,Indian,Batsman,Lucknow Super Giants,0.2,2022
Mandeep Hardev Singh,Indian,All-Rounder,Punjab Kings,0.8,2014
Mandeep Singh,Indian,All-Rounder,Royal Challengers Bengaluru,1.4,2018
Mandeep Singh,Indian,Batsman,Delhi Capitals,1.1,2022
Manish Pandey,Indian,Batsman,Kolkata Knight Riders,1.7,2014
Manish Pandey,Indian,Batsman,Sunrisers Hyderabad,11,2018
Manish Pandey,Indian,Batsman,Lucknow Super Giants,4.6,2022
Manjot Kalra,Indian,Batsman,Delhi Capitals,0.2,2018
Manoj Tiwary,Indian,Batsman,Delhi Capitals,2.8,2014
Manoj Tiwary,Indian,Batsman,Rising Pune Supergiants,0.5,2017
Manoj Tiwary,Indian,Batsman,Punjab Kings,1,2018
Manpreet Gony,Indian,Bowler,Punjab Kings,3.75,2013
Manpreet Gony,Indian,Bowler,Gujarat Lions,0.6,2017
Manprit Juneja,Indian,Batsman,Sunrisers Hyderabad,0.1,2014
Manvinder Bisla,Indian,Wicket Keeper,Kolkata Knight Riders,0.6,2014
Manzoor Dar,Indian,All-Rounder,Punjab Kings,0.2,2018
Marchant De Lange,Overseas,Bowler,Mumbai Indians,0.3,2014
Marco Jansen,Overseas,All-Rounder,Mumbai Indians,0.2,2021
Marco Jansen,Overseas,All-Rounder,Sunrisers Hyderabad,4.2,2022
Marcus Stoinis,Overseas,All-Rounder,Delhi Capitals,0.25,2015
Marcus Stoinis,Overseas,All-Rounder,Punjab Kings,0.55,2016
Marcus Stoinis,Overseas,All-Rounder,Punjab Kings,6.2,2018
Marcus Stoinis,Overseas,All-Rounder,Delhi Capitals,4.8,2020
Mark Wood,Overseas,Bowler,Chennai Super Kings,1.5,2018
Mark Wood,Overseas,Bowler,Lucknow Super Giants,7.5,2022
Martin Guptill,Overseas,Batsman,Punjab Kings,0.5,2017
Martin Guptill,Overseas,Batsman,Sunrisers Hyderabad,1,2019
Matt Henry,Overseas,Bowler,Chennai Super Kings,0.3,2014
Matt Henry,Overseas,Bowler,Punjab Kings,0.5,2017
Matthew Wade,Overseas,Wicket Keeper,Gujarat Titans,2.4,2022
Mayank Agarwal,Indian,Batsman,Delhi Capitals,1.6,2014
Mayank Agarwal,Indian,Batsman,Punjab Kings,1,2018
Mayank Dagar,Indian,All-Rounder,Punjab Kings,0.2,2018
Mayank Markande,Indian,Bowler,Mumbai Indians,0.2,2018
Mayank Markande,Indian,Bowler,Mumbai Indians,0.65,2022
Mayank Yadav,Indian,Bowler,Lucknow Super Giants,0.2,2022
Michael Clarke,Overseas,Batsman,Pune Warriors India,3,2013
Michael Hussey,Overseas,Batsman,Mumbai Indians,5,2014
Michael Hussey,Overseas,Batsman,Chennai Super Kings,1.5,2015
Midhun S,Indian,All-Rounder,Rajasthan Royals,0.2,2018
Milind Kumar,Indian,Batsman,Delhi Capitals,0.1,2014
Milind Kumar,Indian,All-Rounder,Royal Challengers Bengaluru,0.2,2019
Milind Tandon,Indian,All-Rounder,Rising Pune Supergiants,0.1,2017
Mitchell Johnson,Overseas,All-Rounder,Punjab Kings,6.5,2014
Mitchell Johnson,Overseas,Bowler,Mumbai Indians,2,2017
Mitchell Johnson,Overseas,Bowler,Kolkata Knight Riders,2,2018
Mitchell Marsh,Overseas,All-Rounder,Rising Pune Supergiants,4.8,2016
Mitchell Marsh,Overseas,All-Rounder,Sunrisers Hyderabad,2,2020
Mitchell Marsh,Overseas,All-Rounder,Delhi Capitals,6.5,2022
Mitchell McClenaghan,Overseas,Bowler,Mumbai Indians,0.3,2015
Mitchell Santner,Overseas,All-Rounder,Chennai Super Kings,0.5,2018
Mitchell Santner,Overseas,All-Rounder,Chennai Super Kings,1.9,2022
Mitchell Starc,Overseas,Bowler,Royal Challengers Bengaluru,5,2014
Mitchell Starc,Overseas,Bowler,Kolkata Knight Riders,9.4,2018
Mithun Manhas,Indian,All-Rounder,Chennai Super Kings,0.3,2014
Moeen Ali,Overseas,All-Rounder,Royal Challengers Bengaluru,1.7,2018
Moeen Ali,Overseas,All-Rounder,Chennai Super Kings,7,2021
Mohammad Nabi,Overseas,All-Rounder,Sunrisers Hyderabad,0.3,2017
Mohammad Nabi,Overseas,All-Rounder,Sunrisers Hyderabad,1,2018
Mohammad Nabi,Overseas,All-Rounder,Kolkata Knight Riders,1,2022
Mohammad Shami,Indian,Bowler,Delhi Capitals,4.25,2014
Mohammad Shami,Indian,Bowler,Delhi Capitals,3,2018
Mohammad Shami,Indian,Bowler,Punjab Kings,4.8,2019
Mohammad Shami,Indian,Bowler,Gujarat Titans,6.25,2022
Mohammed Azharudeen,Indian,Wicket Keeper,Royal Challengers Bengaluru,0.2,2021
Mohammed Siraj,Indian,Bowler,Sunrisers Hyderabad,2.6,2017
Mohammed Siraj,Indian,Bowler,Royal Challengers Bengaluru,2.6,2018
Mohd. Arshad Khan,Indian,All-Rounder,Mumbai Indians,0.2,2022
Mohit Sharma,Indian,Bowler,Chennai Super Kings,2,2014
Mohit Sharma,Indian,Bowler,Punjab Kings,6.5,2016
Mohit Sharma,Indian,Bowler,Punjab Kings,2.4,2018
Mohit Sharma,Indian,Bowler,Chennai Super Kings,5,2019
Mohit Sharma,Indian,Bowler,Delhi Capitals,0.5,2020
Mohsin Khan,Indian,Bowler,Mumbai Indians,0.2,2018
Mohsin Khan,Indian,Bowler,Mumbai Indians,0.2,2020
Mohsin Khan,Indian,Bowler,Lucknow Super Giants,0.2,2022
Moises Henriques,Overseas,All-Rounder,Royal Challengers Bengaluru,2.25,2013
Moises Henriques,Overseas,All-Rounder,Sunrisers Hyderabad,1,2014
Moises Henriques,Overseas,All-Rounder,Punjab Kings,1,2019
Moises Henriques,Overseas,All-Rounder,Punjab Kings,4.2,2021
Monu Singh,Indian,Bowler,Chennai Super Kings,0.2,2018
Morne Morkel,Overseas,Bowler,Kolkata Knight Riders,2.8,2014
Mujeeb Zadran,Overseas,Bowler,Punjab Kings,4,2018
Mujeeb Zadran,Overseas,Bowler,Sunrisers Hyderabad,1.5,2021
Mukesh Choudhary,Indian,Bowler,Chennai Super Kings,0.2,2022
Munaf Patel,Indian,Bowler,Gujarat Lions,0.3,2017
Murali Kartik,Indian,Bowler,Punjab Kings,1,2014
Murali Vijay,Indian,Batsman,Delhi Capitals,5,2014
Murali Vijay,Indian,Batsman,Punjab Kings,3,2015
Murali Vijay,Indian,Batsman,Chennai Super Kings,2,2018
Murugan Ashwin,Indian,Bowler,Mumbai Indians,1.6,2022
Mustafizur Rahman,Overseas,Bowler,Sunrisers Hyderabad,1.4,2016
Mustafizur Rahman,Overseas,Bowler,Mumbai Indians,2.2,2018
Mustafizur Rahman,Overseas,Bowler,Rajasthan Royals,1,2021
Mustafizur Rahman,Overseas,Bowler,Delhi Capitals,2,2022
Muttiah Muralitharan,Overseas,Bowler,Royal Challengers Bengaluru,1,2014
N Jagadeesan,Indian,Wicket Keeper,Chennai Super Kings,0.2,2018
N. Jagadeesan,Indian,Wicket Keeper,Chennai Super Kings,0.2,2022
N. Tilak Varma,Indian,All-Rounder,Mumbai Indians,1.7,2022
Naman Ojha,Indian,Wicket Keeper,Sunrisers Hyderabad,0.5,2014
Naman Ojha,Indian,Wicket Keeper,Delhi Capitals,1.4,2018
Nathan Coulter-Nile,Overseas,Bowler,Mumbai Indians,3.375,2013
Nathan Coulter-Nile,Overseas,Bowler,Delhi Capitals,4.25,2014
Nathan Coulter-Nile,Overseas,Bowler,Kolkata Knight Riders,3.5,2017
Nathan Coulter-Nile,Overseas,Bowler,Royal Challengers Bengaluru,2.2,2018
Nathan Coulter-Nile,Overseas,Bowler,Mumbai Indians,8,2020
Nathan Coulter-Nile,Overseas,Bowler,Mumbai Indians,5,2021
Nathan Coulter-Nile,Overseas,Bowler,Rajasthan Royals,2,2022
Nathan Ellis,Overseas,Bowler,Punjab Kings,0.75,2022
Nathan McCullum,Overseas,Bowler,Sunrisers Hyderabad,0.75,2013
Nathu Singh,Indian,Bowler,Mumbai Indians,3.2,2016
Nathu Singh,Indian,Bowler,Gujarat Lions,0.5,2017
Nathu Singh,Indian,Bowler,Delhi Capitals,0.2,2019
Navdeep Saini,Indian,Bowler,Delhi Capitals,0.1,2017
Navdeep Saini,Indian,Bowler,Royal Challengers Bengaluru,3,2018
Navdeep Saini,Indian,Bowler,Rajasthan Royals,2.6,2022
Nic Maddinson,Overseas,Batsman,Royal Challengers Bengaluru,0.5,2014
Nicolas Pooran,Overseas,Wicket Keeper,Sunrisers Hyderabad,10.75,2022
Nicolas Pooran,Overseas,Wicket Keeper,Mumbai Indians,0.3,2017
Nicolas Pooran,Overseas,Wicket Keeper,Punjab Kings,4.2,2019
Nidheesh M D Dinesan,Indian,Bowler,Mumbai Indians,0.2,2018
Nikhil Shankar Naik,Indian,Wicket Keeper,Punjab Kings,0.3,2015
Nikhil Shankar Naik,Indian,Wicket Keeper,Kolkata Knight Riders,0.2,2019
Nikhil Shankar Naik,Indian,Wicket Keeper,Kolkata Knight Riders,0.2,2020
Nitish Rana,Indian,All-Rounder,Mumbai Indians,0.1,2015
Nitish Rana,Indian,All-Rounder,Kolkata Knight Riders,3.4,2018
Nitish Rana,Indian,All-Rounder,Kolkata Knight Riders,8,2022
Noor Ahmad,Overseas,Bowler,Gujarat Titans,0.3,2022
Obed Mccoy,Overseas,Bowler,Rajasthan Royals,0.75,2022
Odean Smith,Overseas,All-Rounder,Punjab Kings,6,2022
Oshane Thomas,Overseas,Bowler,Rajasthan Royals,1.1,2019
Oshane Thomas,Overseas,Bowler,Rajasthan Royals,0.5,2020
Pankaj Jaswal,Overseas,All-Rounder,Mumbai Indians,0.2,2019
Pankaj Singh,Indian,Bowler,Royal Challengers Bengaluru,1.125,2013
Paras Dogra,Indian,Batsman,Gujarat Lions,0.1,2016
Pardeep Sahu,Indian,All-Rounder,Rajasthan Royals,0.1,2015
Pardeep Sahu,Indian,All-Rounder,Punjab Kings,0.1,2016
Pardeep Sahu,Indian,Bowler,Punjab Kings,0.2,2018
Parthiv Patel,Indian,Wicket Keeper,Royal Challengers Bengaluru,1.4,2014
Parthiv Patel,Indian,Wicket Keeper,Royal Challengers Bengaluru,1.7,2018
Parveez Rasool,Indian,All-Rounder,Sunrisers Hyderabad,0.95,2014
Parvinder Awana,Indian,Bowler,Punjab Kings,0.65,2014
Pat Cummins,Overseas,Bowler,Mumbai Indians,5.4,2018
Pat Cummins,Overseas,All-Rounder,Kolkata Knight Riders,15.5,2020
Pat Cummins,Overseas,All-Rounder,Kolkata Knight Riders,7.25,2022
Pat Cummins,Overseas,Bowler,Kolkata Knight Riders,1,2014
Pat Cummins,Overseas,Bowler,Delhi Capitals,4.5,2017
Pavan Deshpande,Indian,All-Rounder,Royal Challengers Bengaluru,0.2,2018
Pavan Deshpande,Indian,All-Rounder,Royal Challengers Bengaluru,0.2,2020
Pawan Negi,Indian,Bowler,Chennai Super Kings,0.1,2014
Pawan Negi,Indian,All-Rounder,Delhi Capitals,8.5,2016
Pawan Negi,Indian,All-Rounder,Royal Challengers Bengaluru,1,2017
Pawan Negi,Indian,All-Rounder,Royal Challengers Bengaluru,1,2018
Pawan Negi,Indian,All-Rounder,Kolkata Knight Riders,0.5,2021
Pawan Suyal,Indian,Bowler,Mumbai Indians,0.1,2014
Pawan Suyal,Indian,Bowler,Delhi Capitals,0.1,2016
Peter Handscomb,Overseas,Wicket Keeper,Rising Pune Supergiants,0.3,2016
Philip Hughes,Overseas,Batsman,Mumbai Indians,0.75,2013
Piyush Chawla,Indian,Bowler,Kolkata Knight Riders,4.25,2014
Piyush Chawla,Indian,Bowler,Kolkata Knight Riders,4.2,2018
Piyush Chawla,Indian,Bowler,Chennai Super Kings,6.75,2020
Piyush Chawla,Indian,Bowler,Mumbai Indians,2.4,2021
Prabhsimran Singh,Indian,Wicket Keeper,Punjab Kings,4.8,2019
Prabhsimran Singh,Indian,Wicket Keeper,Punjab Kings,0.55,2020
Prabhsimran Singh,Indian,Wicket Keeper,Punjab Kings,0.6,2022
Pradeep Sangwan,Indian,All-Rounder,Gujarat Lions,0.2,2016
Pradeep Sangwan,Indian,Bowler,Mumbai Indians,1.5,2018
Pradeep Sangwan,Indian,All-Rounder,Gujarat Titans,0.2,2022
Pragyan Ojha,Indian,Bowler,Mumbai Indians,3.25,2014
Pragyan Ojha,Indian,Bowler,Mumbai Indians,0.5,2015
Prasanth Padmanabhan,Indian,All-Rounder,Sunrisers Hyderabad,0.1,2015
Prasanth Parameswaran,Indian,Bowler,Sunrisers Hyderabad,0.3,2014
Prashant Chopra,Indian,Wicket Keeper,Rajasthan Royals,0.2,2018
Prashant Solanki,Indian,Bowler,Chennai Super Kings,1.2,2022
Prasidh Krishna,Indian,Bowler,Rajasthan Royals,10,2022
Pratham Singh,Indian,All-Rounder,Gujarat Lions,0.1,2017
Pratham Singh,Indian,Batsman,Kolkata Knight Riders,0.2,2022
Pratyush Singh,Indian,All-Rounder,Chennai Super Kings,0.1,2015
Pratyush Singh,Indian,All-Rounder,Delhi Capitals,0.1,2016
Praveen Dubey,Indian,All-Rounder,Royal Challengers Bengaluru,0.35,2016
Praveen Dubey,Indian,All-Rounder,Royal Challengers Bengaluru,0.1,2017
Praveen Kumar,Indian,Bowler,Sunrisers Hyderabad,2.2,2015
Praveen Kumar,Indian,Bowler,Gujarat Lions,3.5,2016
Pravin Dubey,Indian,All-Rounder,Delhi Capitals,0.5,2022
Pravin Tambe,Indian,Bowler,Rajasthan Royals,0.1,2014
Pravin Tambe,Indian,Bowler,Gujarat Lions,0.2,2016
Pravin Tambe,Indian,Bowler,Sunrisers Hyderabad,0.1,2017
Pravin Tambe,Indian,Bowler,Kolkata Knight Riders,0.2,2020
Prayas Ray Barman,Indian,All-Rounder,Royal Challengers Bengaluru,1.5,2019
Prerak Mankad,Indian,All-Rounder,Punjab Kings,0.2,2022
Prince Balwant Rai Singh,Indian,All-Rounder,Mumbai Indians,0.2,2020
Prithvi Raj Yarra,Indian,Bowler,Kolkata Knight Riders,0.2,2019
Prithvi Shaw,Indian,Batsman,Delhi Capitals,1.2,2018
Priyam Garg,Indian,Batsman,Sunrisers Hyderabad,1.9,2020
Priyam Garg,Indian,Batsman,Sunrisers Hyderabad,0.2,2022
Quinton De Kock,Overseas,Wicket Keeper,Sunrisers Hyderabad,0.15,2013
Quinton De Kock,Overseas,Wicket Keeper,Delhi Capitals,3.5,2014
Quinton De Kock,Overseas,Wicket Keeper,Royal Challengers Bengaluru,2.8,2018
Quinton De Kock,Overseas,Wicket Keeper,Lucknow Super Giants,6.75,2022
R Samarth,Indian,Batsman,Sunrisers Hyderabad,0.2,2022
R. Ashwin,Indian,All-Rounder,Rajasthan Royals,5,2022
R. Sai Kishore,Indian,Bowler,Chennai Super Kings,0.2,2020
R. Sai Kishore,Indian,Bowler,Gujarat Titans,3,2022
R. Sanjay Yadav,Indian,All-Rounder,Kolkata Knight Riders,0.1,2017
Rahul Ajay Tripathi,Indian,All-Rounder,Rising Pune Supergiants,0.1,2017
Rahul Buddhi,Indian,Batsman,Mumbai Indians,0.2,2022
Rahul Chahar,Indian,Bowler,Rising Pune Supergiants,0.1,2017
Rahul Chahar,Indian,Bowler,Mumbai Indians,1.9,2018
Rahul Chahar,Indian,Bowler,Punjab Kings,5.25,2022
Rahul Sharma,Indian,Bowler,Delhi Capitals,1.9,2014
Rahul Sharma,Indian,Bowler,Chennai Super Kings,0.3,2015
Rahul Shukla,Indian,Bowler,Delhi Capitals,0.4,2014
Rahul Tewatia,Indian,All-Rounder,Rajasthan Royals,0.1,2014
Rahul Tewatia,Indian,All-Rounder,Punjab Kings,0.25,2017
Rahul Tewatia,Indian,All-Rounder,Delhi Capitals,3,2018
Rahul Tewatia,Indian,All-Rounder,Gujarat Titans,9,2022
Rahul Tripathi,Indian,Batsman,Rajasthan Royals,3.4,2018
Rahul Tripathi,Indian,Batsman,Kolkata Knight Riders,0.6,2020
Rahul Tripathi,Indian,Batsman,Sunrisers Hyderabad,8.5,2022
Raj Angad Bawa,Indian,All-Rounder,Punjab Kings,2,2022
Rajagopal Sathish,Indian,All-Rounder,Kolkata Knight Riders,0.2,2016
Rajat Bhatia,Indian,All-Rounder,Rajasthan Royals,1.7,2014
Rajat Bhatia,Indian,All-Rounder,Rising Pune Supergiants,0.6,2016
Rajat Patidar,Indian,Batsman,Royal Challengers Bengaluru,0.2,2021
Rajvardhan Hangargekar,Indian,All-Rounder,Chennai Super Kings,1.5,2022
Ramandeep Singh,Indian,All-Rounder,Mumbai Indians,0.2,2022
Ramesh Kumar,Indian,Batsman,Kolkata Knight Riders,0.2,2022
Ranganath Vinay Kumar,Indian,Bowler,Kolkata Knight Riders,2.8,2014
Ranganath Vinay Kumar,Indian,Bowler,Kolkata Knight Riders,1,2018
Rashid Khan Arman,Overseas,Bowler,Sunrisers Hyderabad,4,2017
Rashid Khan Arman,Overseas,Bowler,Sunrisers Hyderabad,9,2018
Rasikh Dar,Indian,Bowler,Mumbai Indians,0.2,2019
Rasikh Dar,Indian,Bowler,Kolkata Knight Riders,0.2,2022
Rassie Van Der Dussen,Overseas,Batsman,Rajasthan Royals,1,2022
Ravi Bishnoi,Indian,Bowler,Punjab Kings,2,2020
Ravi Bopara,Indian,All-Rounder,Sunrisers Hyderabad,1,2015
Ravi Rampaul,Overseas,Bowler,Royal Challengers Bengaluru,2.175,2013
Ravi Rampaul,Overseas,Bowler,Royal Challengers Bengaluru,0.9,2014
Ravichandran Ashwin,Overseas,All-Rounder,Punjab Kings,7.6,2018
Ricky Bhui,Overseas,Batsman,Sunrisers Hyderabad,0.1,2014
Ricky Bhui,Overseas,Batsman,Sunrisers Hyderabad,0.2,2018
Ricky Ponting,Overseas,Batsman,Mumbai Indians,3,2013
Riley Meredith,Overseas,Bowler,Punjab Kings,8,2021
Riley Meredith,Overseas,Bowler,Mumbai Indians,1,2022
Rinku Singh,Indian,Batsman,Punjab Kings,0.1,2017
Rinku Singh,Indian,Batsman,Kolkata Knight Riders,0.8,2018
Rinku Singh,Indian,Batsman,Kolkata Knight Riders,0.55,2022
Ripal Patel,Indian,All-Rounder,Delhi Capitals,0.2,2021
Ripal Patel,Indian,All-Rounder,Delhi Capitals,0.2,2022
Rishabh Pant,Indian,Wicket Keeper,Delhi Capitals,1.9,2016
Rishi Dhawan,Indian,All-Rounder,Punjab Kings,3,2014
Rishi Dhawan,Indian,All-Rounder,Kolkata Knight Riders,0.55,2017
Rishi Dhawan,Indian,All-Rounder,Punjab Kings,0.55,2022
Riyan Parag,Indian,All-Rounder,Rajasthan Royals,0.2,2019
Riyan Parag,Indian,All-Rounder,Rajasthan Royals,3.8,2022
Robin Uthappa,Indian,Batsman,Kolkata Knight Riders,5,2014
Robin Uthappa,Indian,Batsman,Kolkata Knight Riders,6.4,2018
Robin Uthappa,Indian,Batsman,Rajasthan Royals,3,2020
Robin Uthappa,Indian,Batsman,Chennai Super Kings,2,2022
Romario Shepherd,Overseas,All-Rounder,Sunrisers Hyderabad,7.75,2022
Ronit More,Indian,Bowler,Chennai Super Kings,0.1,2014
Ross Taylor,Overseas,Batsman,Delhi Capitals,2,2014
Rovman Powell,Overseas,All-Rounder,Kolkata Knight Riders,0.3,2017
Rovman Powell,Overseas,Batsman,Delhi Capitals,2.8,2022
Rudra Pratap Singh,Indian,Bowler,Royal Challengers Bengaluru,3,2013
Rudra Pratap Singh,Indian,Bowler,Rising Pune Supergiants,0.3,2016
Ruturaj Gaikwad,Indian,Batsman,Chennai Super Kings,0.2,2019
Ryan McLaren,Overseas,Bowler,Kolkata Knight Riders,0.375,2013
Ryan Ten Doeschate,Overseas,All-Rounder,Kolkata Knight Riders,1,2014
Sachin Baby,Indian,Batsman,Royal Challengers Bengaluru,0.1,2016
Sachin Baby,Indian,Batsman,Sunrisers Hyderabad,0.2,2018
Sachin Baby,Indian,Batsman,Royal Challengers Bengaluru,0.2,2021
Sachin Rana,Indian,Bowler,Royal Challengers Bengaluru,0.2,2014
Sachithra Senanayaka,Overseas,All-Rounder,Kolkata Knight Riders,4.6875,2013
Sagar Trivedi,Indian,All-Rounder,Rajasthan Royals,0.1,2015
Sam Billings,Overseas,Wicket Keeper,Delhi Capitals,0.3,2016
Sam Billings,Overseas,Wicket Keeper,Chennai Super Kings,1,2018
Sam Billings,Overseas,Wicket Keeper,Delhi Capitals,2,2021
Sam Billings,Overseas,Wicket Keeper,Kolkata Knight Riders,2,2022
Sam Curran,Overseas,All-Rounder,Punjab Kings,7.2,2019
Sam Curran,Overseas,All-Rounder,Chennai Super Kings,5.5,2020
Samuel Badree,Overseas,Bowler,Chennai Super Kings,0.3,2014
Samuel Badree,Overseas,Bowler,Royal Challengers Bengaluru,0.5,2016
Sandeep Bavanaka,Overseas,All-Rounder,Sunrisers Hyderabad,0.2,2020
Sandeep Lamichhane,Overseas,Bowler,Delhi Capitals,0.2,2018
Sandeep Sharma,Indian,Bowler,Punjab Kings,0.85,2014
Sandeep Sharma,Indian,Bowler,Sunrisers Hyderabad,3,2018
Sandeep Sharma,Indian,Bowler,Punjab Kings,0.5,2022
Sandeep Warrier,Indian,Bowler,Royal Challengers Bengaluru,0.1,2014
Sanjay Yadav,Indian,All-Rounder,Sunrisers Hyderabad,0.2,2020
Sanjay Yadav,Indian,All-Rounder,Mumbai Indians,0.5,2022
Sanju Samson,Indian,Wicket Keeper,Delhi Capitals,4.2,2016
Sanju Samson,Indian,Wicket Keeper,Rajasthan Royals,8,2018
Sarabjit Ladda,Indian,Bowler,Gujarat Lions,0.1,2016
Sarfaraz Khan,Indian,All-Rounder,Delhi Capitals,0.2,2022
Sarfaraz Naushad Khan,Indian,Batsman,Royal Challengers Bengaluru,0.5,2015
Sarfaraz Naushad Khan,Indian,All-Rounder,Punjab Kings,0.25,2019
Saurabh Dubey,Indian,Bowler,Sunrisers Hyderabad,0.2,2022
Saurabh Kumar,Indian,Bowler,Rising Pune Supergiants,0.1,2017
Saurabh Kumar,Indian,All-Rounder,Punjab Kings,0.2,2021
Saurabh Tiwary,Indian,Batsman,Delhi Capitals,0.7,2014
Saurabh Tiwary,Indian,Batsman,Mumbai Indians,0.3,2017
Saurabh Tiwary,Indian,Batsman,Mumbai Indians,0.8,2018
Saurabh Tiwary,Indian,Batsman,Mumbai Indians,0.5,2020
Sayan Ghosh,Indian,Bowler,Kolkata Knight Riders,0.1,2017
Sayan Ghosh,Indian,Bowler,Delhi Capitals,0.2,2018
Sayan Sekhar Mandal,Indian,All-Rounder,Kolkata Knight Riders,0.1,2014
Scott Boland,Overseas,Bowler,Rising Pune Supergiants,0.5,2016
Sean Abbott,Overseas,Bowler,Royal Challengers Bengaluru,1,2015
Sean Abbott,Overseas,Bowler,Sunrisers Hyderabad,2.4,2022
Shadab Jakati,Indian,Bowler,Royal Challengers Bengaluru,0.2,2014
Shadab Jakati,Indian,All-Rounder,Gujarat Lions,0.2,2016
Shahbaz Ahamad,Indian,Wicket Keeper,Royal Challengers Bengaluru,0.2,2020
Shahbaz Ahamad,Indian,All-Rounder,Royal Challengers Bengaluru,2.4,2022
Shahbaz Nadeem,Indian,Bowler,Delhi Capitals,0.85,2014
Shahbaz Nadeem,Indian,Bowler,Delhi Capitals,3.2,2018
Shahbaz Nadeem,Indian,Bowler,Lucknow Super Giants,0.5,2022
Shahrukh Khan,Indian,All-Rounder,Punjab Kings,5.25,2021
Shahrukh Khan,Indian,All-Rounder,Punjab Kings,9,2022
Shakib Al Hasan,Overseas,All-Rounder,Kolkata Knight Riders,2.8,2014
Shakib Al Hasan,Overseas,All-Rounder,Sunrisers Hyderabad,2,2018
Shakib Al Hasan,Overseas,All-Rounder,Kolkata Knight Riders,3.2,2021
Shane Watson,Overseas,All-Rounder,Royal Challengers Bengaluru,9.5,2016
Shane Watson,Overseas,All-Rounder,Chennai Super Kings,4,2018
Sharad Lumba,Indian,Batsman,Mumbai Indians,0.2,2018
Shardul Thakur,Indian,Bowler,Punjab Kings,0.2,2014
Shardul Thakur,Indian,Bowler,Chennai Super Kings,2.6,2018
Shardul Thakur,Indian,Bowler,Delhi Capitals,10.75,2022
Shashank Singh,Indian,All-Rounder,Delhi Capitals,0.1,2017
Shashank Singh,Indian,All-Rounder,Rajasthan Royals,0.3,2019
Shashank Singh,Indian,All-Rounder,Sunrisers Hyderabad,0.2,2022
Shaun Marsh,Overseas,Batsman,Punjab Kings,2.2,2014
Sheldon Cottrell,Overseas,Bowler,Punjab Kings,8.5,2020
Sheldon Jackson,Indian,Batsman,Kolkata Knight Riders,0.15,2015
Sheldon Jackson,Indian,Wicket Keeper,Kolkata Knight Riders,0.2,2021
Sheldon Jackson,Indian,Wicket Keeper,Kolkata Knight Riders,0.6,2022
Shelley Shaurya,Indian,Bowler,Gujarat Lions,0.1,2017
Sherfane Rutherford,Overseas,All-Rounder,Delhi Capitals,2,2019
Sherfane Rutherford,Overseas,All-Rounder,Royal Challengers Bengaluru,1,2022
Shikhar Dhawan,Indian,Batsman,Sunrisers Hyderabad,5.2,2018
Shikhar Dhawan,Indian,Batsman,Punjab Kings,8.25,2022
Shimron Hetmyer,Overseas,Batsman,Royal Challengers Bengaluru,4.2,2019
Shimron Hetmyer,Overseas,Batsman,Delhi Capitals,7.75,2020
Shimron Hetmyer,Overseas,Batsman,Rajasthan Royals,8.5,2022
Shishir Bhavane,Indian,Batsman,Royal Challengers Bengaluru,0.1,2015
Shivam Dube,Indian,All-Rounder,Royal Challengers Bengaluru,5,2019
Shivam Dube,Indian,All-Rounder,Rajasthan Royals,4.4,2021
Shivam Dube,Indian,All-Rounder,Chennai Super Kings,4,2022
Shivam Mavi,Indian,All-Rounder,Kolkata Knight Riders,3,2018
Shivam Mavi,Indian,All-Rounder,Kolkata Knight Riders,7.25,2022
Shivam Sharma,Indian,Bowler,Punjab Kings,0.1,2014
Shivil Kaushik,Indian,Bowler,Gujarat Lions,0.1,2016
Shreevats Goswami,Indian,Wicket Keeper,Sunrisers Hyderabad,1,2018
Shreyas Gopal,Indian,Bowler,Mumbai Indians,0.1,2014
Shreyas Gopal,Indian,All-Rounder,Rajasthan Royals,0.2,2018
Shreyas Gopal,Indian,Bowler,Sunrisers Hyderabad,0.75,2022
Shreyas Iyer,Indian,Batsman,Delhi Capitals,2.6,2015
Shreyas Iyer,Indian,Batsman,Kolkata Knight Riders,12.25,2022
Shrikant Mundhe,Indian,All-Rounder,Kolkata Knight Riders,0.2,2019
Shubam Agrawal,Indian,All-Rounder,Gujarat Lions,0.1,2017
Shubham Garhwal,Indian,All-Rounder,Rajasthan Royals,0.2,2022
Shubham Ranjane,Indian,All-Rounder,Rajasthan Royals,0.2,2019
Shubman Gill,Indian,Batsman,Kolkata Knight Riders,1.8,2018
Siddarth Kaul,Indian,Bowler,Delhi Capitals,0.45,2014
Siddarth Kaul,Indian,Bowler,Sunrisers Hyderabad,0.1,2015
Siddarth Kaul,Indian,Bowler,Sunrisers Hyderabad,3.8,2018
Siddharth Kaul,Indian,Bowler,Royal Challengers Bengaluru,0.75,2022
Siddhesh Dinesh Lad,Indian,All-Rounder,Mumbai Indians,0.1,2015
Siddhesh Dinesh Lad,Indian,Batsman,Mumbai Indians,0.2,2018
Simarjeet Singh,Indian,Bowler,Chennai Super Kings,0.2,2022
Srikkanth Anirudha,Indian,Batsman,Sunrisers Hyderabad,0.2,2014
Steven Smith,Overseas,All-Rounder,Rajasthan Royals,4,2014
Steven Smith,Overseas,Batsman,Delhi Capitals,2.2,2021
Stuart Binny,Indian,All-Rounder,Royal Challengers Bengaluru,2,2016
Stuart Binny,Indian,All-Rounder,Rajasthan Royals,0.5,2018
Subhranshu Senapati,Indian,Batsman,Chennai Super Kings,0.2,2022
Subramaniam Badrinath,Indian,Batsman,Royal Challengers Bengaluru,0.3,2015
Sudeep Tyagi,Indian,Bowler,Sunrisers Hyderabad,0.75,2013
Sumit Narwal,Indian,All-Rounder,Kolkata Knight Riders,0.1,2015
Suryakumar Yadav,Indian,Batsman,Kolkata Knight Riders,0.7,2014
Suryakumar Yadav,Indian,Batsman,Mumbai Indians,3.2,2018
Sushant Marathe,Indian,Wicket Keeper,Mumbai Indians,0.1,2014
Suyash Prabhudesai,Indian,All-Rounder,Royal Challengers Bengaluru,0.2,2021
Suyash Prabhudessai,Indian,All-Rounder,Royal Challengers Bengaluru,0.3,2022
Swapnil Singh,Indian,All-Rounder,Punjab Kings,0.1,2016
Syed Khaleel Ahmed,Indian,All-Rounder,Delhi Capitals,0.1,2016
Syed Khaleel Ahmed,Indian,Bowler,Sunrisers Hyderabad,3,2018
Syed Khaleel Ahmed,Indian,Bowler,Delhi Capitals,5.25,2022
Syed Mehdi Hasan,Indian,All-Rounder,Sunrisers Hyderabad,0.2,2018
T Natarajan,Indian,Bowler,Punjab Kings,3,2017
T Natarajan,Indian,Bowler,Sunrisers Hyderabad,0.4,2018
T. Natarajan,Indian,Bowler,Sunrisers Hyderabad,4,2022
Tajinder Dhillon,Indian,All-Rounder,Mumbai Indians,0.55,2018
Tajinder Dhillon,Indian,All-Rounder,Punjab Kings,0.2,2020
Tanmay Agarwal,Indian,Batsman,Sunrisers Hyderabad,0.1,2017
Tanmay Agarwal,Indian,Batsman,Sunrisers Hyderabad,0.2,2018
Tanmay Mishra,Indian,Batsman,Royal Challengers Bengaluru,0.1,2014
Tejas Baroka,Indian,Bowler,Rajasthan Royals,0.2,2022
Tejas Singh Baroka,Indian,Bowler,Gujarat Lions,0.1,2017
Thisara Perera,Overseas,All-Rounder,Sunrisers Hyderabad,5.0625,2013
Thisara Perera,Overseas,All-Rounder,Punjab Kings,1.6,2014
Thisara Perera,Overseas,All-Rounder,Rising Pune Supergiants,1,2016
Tim David,Overseas,All-Rounder,Mumbai Indians,8.25,2022
Tim Seifert,Overseas,Wicket Keeper,Delhi Capitals,0.5,2022
Tim Southee,Overseas,Bowler,Rajasthan Royals,1.2,2014
Tim Southee,Overseas,Bowler,Mumbai Indians,2.5,2016
Tim Southee,Overseas,Bowler,Royal Challengers Bengaluru,1,2018
Tim Southee,Overseas,Bowler,Kolkata Knight Riders,1.5,2022
Tirumalasetti Suman,Indian,Batsman,Sunrisers Hyderabad,0.1,2016
Tom Banton,Overseas,Batsman,Kolkata Knight Riders,1,2020
Tom Curran,Overseas,All-Rounder,Rajasthan Royals,1,2020
Tom Curran,Overseas,All-Rounder,Delhi Capitals,5.25,2021
Travis Head,Overseas,Batsman,Delhi Capitals,0.3,2015
Travis Head,Overseas,Batsman,Royal Challengers Bengaluru,0.5,2016
Trent Boult,Overseas,Bowler,Sunrisers Hyderabad,3.8,2015
Trent Boult,Overseas,Bowler,Kolkata Knight Riders,5,2017
Trent Boult,Overseas,Bowler,Delhi Capitals,2.2,2018
Trent Boult,Overseas,Bowler,Rajasthan Royals,8,2022
Tushar Deshpande,Indian,Bowler,Delhi Capitals,0.2,2020
Tushar Deshpande,Indian,Bowler,Chennai Super Kings,0.2,2022
Tymal Mills,Overseas,Bowler,Royal Challengers Bengaluru,12,2017
Tymal Mills,Overseas,Bowler,Mumbai Indians,1.5,2022
Umang Sharma,Indian,Batsman,Gujarat Lions,0.1,2016
Umesh Yadav,Indian,Bowler,Kolkata Knight Riders,2.6,2014
Umesh Yadav,Indian,Bowler,Royal Challengers Bengaluru,4.2,2018
Umesh Yadav,Indian,Bowler,Delhi Capitals,1,2021
Umesh Yadav,Indian,Bowler,Kolkata Knight Riders,2,2022
Unmukt Chand,Indian,Batsman,Rajasthan Royals,0.65,2014
Utkarsh Singh,Indian,All-Rounder,Punjab Kings,0.2,2021
Vaibhav Arora,Indian,Bowler,Kolkata Knight Riders,0.2,2021
Vaibhav Arora,Indian,Bowler,Punjab Kings,2,2022
Vaibhav Rawal,Indian,All-Rounder,Kolkata Knight Riders,0.1,2015
Varun Aaron,Indian,Bowler,Royal Challengers Bengaluru,2,2014
Varun Aaron,Indian,Bowler,Punjab Kings,2.8,2017
Varun Aaron,Indian,Bowler,Rajasthan Royals,2.4,2019
Varun Aaron,Indian,Bowler,Gujarat Titans,0.5,2022
Varun Chakaravarthy,Indian,All-Rounder,Punjab Kings,8.4,2019
Varun Chakaravarthy,Indian,All-Rounder,Kolkata Knight Riders,4,2020
Veer Pratap Singh,Indian,Bowler,Kolkata Knight Riders,0.4,2014
Venkatesh Iyer,Indian,All-Rounder,Kolkata Knight Riders,0.2,2021
Venugopal Rao,Indian,Batsman,Sunrisers Hyderabad,0.55,2014
Vicky Ostwal,Indian,All-Rounder,Delhi Capitals,0.2,2022
Vijay Shankar,Indian,All-Rounder,Chennai Super Kings,0.1,2014
Vijay Shankar,Indian,All-Rounder,Sunrisers Hyderabad,0.35,2016
Vijay Shankar,Indian,All-Rounder,Delhi Capitals,3.2,2018
Vijay Shankar,Indian,All-Rounder,Gujarat Titans,1.4,2022
Vijay Zol,Indian,Batsman,Royal Challengers Bengaluru,0.3,2014
Vikas Tokas,Indian,Bowler,Royal Challengers Bengaluru,0.1,2016
Vikramjeet Malik,Indian,Bowler,Rajasthan Royals,0.2,2014
Vikramjeet Malik,Indian,Bowler,Royal Challengers Bengaluru,0.2,2016
Virat Singh,Indian,Batsman,Sunrisers Hyderabad,1.9,2020
Virender Sehwag,Indian,Batsman,Punjab Kings,3.2,2014
Vishnu Vinod,Indian,Wicket Keeper,Delhi Capitals,0.2,2021
Vishnu Vinod,Indian,Wicket Keeper,Sunrisers Hyderabad,0.5,2022
Wanindu Hasaranga,Overseas,All-Rounder,Royal Challengers Bengaluru,10.75,2022
Washington Sundar,Indian,All-Rounder,Sunrisers Hyderabad,8.75,2022
Wayne Parnell,Overseas,Bowler,Delhi Capitals,1,2014
Wriddhiman Saha,Indian,Wicket Keeper,Punjab Kings,2.2,2014
Wriddhiman Saha,Indian,Wicket Keeper,Sunrisers Hyderabad,5,2018
Wriddhiman Saha,Indian,Wicket Keeper,Sunrisers Hyderabad,1.2,2019
Wriddhiman Saha,Indian,Wicket Keeper,Gujarat Titans,1.9,2022
Writtick Chatterjee,Indian,All-Rounder,Punjab Kings,0.2,2022
Yash Dayal,Indian,Bowler,Gujarat Titans,3.2,2022
Yash Dhull,Indian,All-Rounder,Delhi Capitals,0.5,2022
Yashasvi Jaiswal,Indian,All-Rounder,Rajasthan Royals,2.4,2020
Yogesh Gowalkar,Indian,All-Rounder,Punjab Kings,0.1,2015
Yogesh Takawale,Indian,Wicket Keeper,Royal Challengers Bengaluru,0.1,2014
Yudhvir Charak,Indian,All-Rounder,Mumbai Indians,0.2,2021
Yusuf Pathan,Indian,All-Rounder,Kolkata Knight Riders,3.25,2014
Yusuf Pathan,Indian,All-Rounder,Sunrisers Hyderabad,1.9,2018
Yuvraj Singh,Indian,All-Rounder,Royal Challengers Bengaluru,14,2014
Yuvraj Singh,Indian,Batsman,Delhi Capitals,16,2015
Yuvraj Singh,Indian,All-Rounder,Sunrisers Hyderabad,7,2016
Yuvraj Singh,Indian,All-Rounder,Punjab Kings,2,2018
Yuvraj Singh,Indian,All-Rounder,Mumbai Indians,1,2019
Yuzvendra Chahal,Indian,Bowler,Rajasthan Royals,6.5,2022
Yuzvendra Singh Chahal,Indian,Bowler,Royal Challengers Bengaluru,0.1,2014
Yuzvendra Singh Chahal,Indian,Bowler,Royal Challengers Bengaluru,6,2018
Zaheer Khan,Indian,Bowler,Mumbai Indians,2.6,2014
Zaheer Khan,Indian,Bowler,Delhi Capitals,4,2015
Zahir Khan Pakteen,Indian,Bowler,Rajasthan Royals,0.6,2018
Harshit Rana,India,Bowler,KKR,0.2,2023
Ekant Sen,India,Batter,,,2023
Wayne Parnell,South Africa,Allrounder,,,2023
Shakib Al Hasan,Bangladesh,Allrounder,KKR,1.5,2023
Joe Root,England,Batter,RR,1,2023
Abdul Basith,India,Allrounder,RR,0.2,2023
Prashant Chopra,India,Allrounder,,,2023
Akeal Hosein,West Indies,Bowler,SRH,1,2023
Raghav Goyal,India,Bowler,MI,0.2,2023
Yudhvir Singh Charak,India,Allrounder,LSG,0.2,2023
Luke Wood,England,Bowler,,,2023
Dilshan Madushanka,Sri Lanka,Bowler,,,2023
Naveen-ul-Haq,Afghanistan,Allrounder,LSG,0.5,2023
Akash Singh,India,Bowler,,,2023
Akash Vashist,India,Allrounder,RR,0.2,2023
Suryansh Shedge,India,Allrounder,,,2023
Johnson Charles,West Indies,Wk-Batter,,,2023
Rassie van der Dussen,South Africa,Batter,,,2023
Mandeep Singh,India,Batter,KKR,0.5,2023
Murugan Ashwin,India,Bowler,RR,0.2,2023
KM Asif,India,Bowler,RR,0.3,2023
Dinesh Bana,India,Wk-Batter,,,2023
Anmolpreet Singh,India,Batter,SRH,0.2,2023
Adam Zampa,Australia,Bowler,RR,1.5,2023
Kusal Mendis,Sri Lanka,Wk-Batter,,,2023
Litton Das,Bangladesh,Wk-Batter,KKR,0.5,2023
Rilee Rossouw,South Africa,Batter,DC,4.6,2023
Shivam Singh,India,Allrounder,PBKS,0.2,2023
Mohit Rathee,India,Allrounder,PBKS,0.2,2023
Bhagath Varma,India,Allrounder,CSK,0.2,2023
Nehal Wadhera,India,Allrounder,MI,0.2,2023
Shubhang Hegde,India,Allrounder,,,2023
Sonu Yadav,India,Allrounder,RCB,0.2,2023
Deepesh Nainwal,India,Allrounder,,,2023
Trilok Nag,India,Bowler,,,2023
Shubham Kapse,India,Bowler,,,2023
Utkarsh Singh,India,Allrounder,,,2023
Jitender Pal,India,Allrounder,,,2023
Kunal Singh Rathore,India,Wk-Batter,RR,0.2,2023
Ajay Jadav Mandal,India,Allrounder,CSK,0.2,2023
Kulwant Khejroliya,India,Bowler,KKR,0.2,2023
Balu Surya,India,Allrounder,,,2023
Sanjay Raghunath,India,Batter,,,2023
Priyank Panchal,India,Batter,,,2023
Varun Aaron,India,Allrounder,,,2023
Tom Curran,England,Allrounder,,,2023
Rehan Ahmed,England,Allrounder,,,2023
Avinash Singh,India,Bowler,RCB,0.6,2023
Nitish Reddy,India,Wk-Batter,SRH,0.2,2023
G Ajitesh,India,Wk-Batter,,,2023
Sanjay Yadav,India,Allrounder,,,2023
David Wiese,Namibia,Allrounder,KKR,1,2023
Sumeet Verma,India,Allrounder,,,2023
Swapnil Singh,India,Allrounder,LSG,0.2,2023
Shams Mulani,India,Allrounder,MI,0.2,2023
Himanshu Bisht,India,Allrounder,,,2023
Mohit Sharma,India,Bowler,GT,0.5,2023
Joshua Little,Ireland,Bowler,GT,4.4,2023
Richard Gleeson,England,Bowler,,,2023
Jamie Overton,England,Allrounder,,,2023
Suyash Sharma,India,Bowler,KKR,0.2,2023
Yuvraj Chudasama,India,Bowler,,,2023
Tejas Baroka,India,Bowler,,,2023
Paul van Meekeren,Netherlands,Bowler,,,2023
Rajan Kumar,India,Bowler,RCB,0.7,2023
Vidhwath Kaverappa,India,Bowler,PBKS,0.2,2023
Vishnu Vinod,India,Wk-Batter,MI,0.2,2023
Karan Shinde,India,Wk-Batter,,,2023
Urvil Patel,India,Wk-Batter,GT,0.2,2023
Baba Indrajith,India,Wk-Batter,,,2023
Donavon Ferreira,South Africa,Wk-Batter,RR,0.5,2023
Jagadeesha Suchith,India,Allrounder,,,2023
Prerak Mankad,India,Allrounder,LSG,0.2,2023
Duan Jansen,South Africa,Allrounder,MI,0.2,2023
Mayank Dagar,India,Allrounder,SRH,1.8,2023
Manoj Bhandage,India,Allrounder,RCB,0.2,2023
Will Smeed,England,Batter,,,2023
Harpreet Singh Bhatia,India,Batter,PBKS,0.4,2023
Piyush Chawla,India,Bowler,MI,0.5,2023
Amit Mishra,India,Bowler,LSG,0.5,2023
Kyle Jamieson,New Zealand,Allrounder,CSK,1,2023
Blessing Muzarabani,Zimbabwe,Bowler,,,2023
Dushmantha Chameera,Sri Lanka,Bowler,,,2023
Taskin Ahmed,Bangladesh,Bowler,,,2023
Sandeep Sharma,India,Bowler,,,2023
Riley Meredith,Australia,Bowler,,,2023
Dasun Shanaka,Sri Lanka,Allrounder,,,2023
James Neesham,New Zealand,Allrounder,,,2023
Mohammad Nabi,Afghanistan,Allrounder,,,2023
Daniel Sams,Australia,Allrounder,LSG,0.75,2023
Daryl Mitchell,New Zealand,Allrounder,,,2023
Romario Shepherd,West Indies,Bowler,LSG,0.5,2023
Dawid Malan,England,Batter,,,2023
Travis Head,Australia,Allrounder,,,2023
Will Jacks,England,Allrounder,RCB,3.2,2023
Sherfane Rutherford,West Indies,Allrounder,,,2023
Manish Pandey,India,Batter,DC,2.4,2023
Paul Stirling,Ireland,Allrounder,,,2023
Himanshu Sharma,India,Bowler,RCB,0.2,2023
Sudhesan Midhun,India,Bowler,,,2023
Shreyas Gopal,India,Bowler,,,2023
Izharulhaq Naveed,Afghanistan,Bowler,,,2023
Chintal Gandhi,India,Bowler,,,2023
Mukesh Kumar,India,Bowler,DC,5.5,2023
Shivam Mavi,India,Bowler,GT,6,2023
N Jagadeesan,India,Wk-Batter,KKR,0.9,2023
Lance Morris,Australia,Bowler,,,2023
Mujtaba Yousuf,India,Bowler,,,2023
Yash Thakur,India,Bowler,LSG,0.45,2023
Vaibhav Arora,India,Allrounder,KKR,0.6,2023
Mohammed Azharuddeen,India,Wk-Batter,,,2023
Upendra Yadav,India,Wk-Batter,SRH,0.25,2023
Srikar Bharat,India,Wk-Batter,GT,1.2,2023
Sanvir Singh,India,Allrounder,SRH,0.2,2023
Sumit Kumar,India,Wk-Batter,,,2023
Shashank Singh,India,Allrounder,,,2023
Nishant Sindhu,India,Allrounder,CSK,0.6,2023
Abhimanyu Easwaran,India,Wk-Batter,,,2023
Corbin Bosch,South Africa,Allrounder,,,2023
Saurabh Kumar,India,Allrounder,,,2023
Samarth Vyas,India,Allrounder,SRH,0.2,2023
Priyam Garg,India,Batter,,,2023
Vivrant Sharma,India,Allrounder,SRH,2.6,2023
Himmat Singh,India,Batter,,,2023
Shaik Rasheed,India,Batter,CSK,0.2,2023
Rohan Kunnummal,India,Batter,,,2023
Shubham Khajuria,India,Batter,,,2023
Odean Smith,West Indies,Allrounder,GT,0.5,2023
LR Chethan,India,Batter,,,2023
Kane Williamson,New Zealand,Batter,GT,2,2023
Ajinkya Rahane,India,Batter,CSK,0.5,2023
Mayank Agarwal,India,Batter,SRH,8.25,2023
Jason Holder,West Indies,Allrounder,RR,5.75,2023
Ishant Sharma,India,Bowler,DC,0.5,2023
Jaydev Unadkat,India,Bowler,LSG,0.5,2023
Mayank Markande,India,Bowler,SRH,0.5,2023
Nicholas Pooran,West Indies,Wk-Batter,LSG,16,2023
Mujeeb Ur Rahman,Afghanistan,Bowler,,,2023
Tabraiz Shamsi,South Africa,Bowler,,,2023
Adil Rashid,England,Bowler,SRH,2,2023
Jhye Richardson,Australia,Bowler,MI,1.5,2023
Adam Milne,New Zealand,Bowler,,,2023
Reece Topley,England,Bowler,RCB,1.9,2023
Chris Jordan,England,Bowler,,,2023
Philip Salt,England,Batter,DC,2,2023
Tom Banton,England,Wk-Batter,,,2023
Heinrich Klaasen,South Africa,Wk-Batter,SRH,5.25,2023
Ben Stokes,England,Allrounder,CSK,16.25,2023
Cameron Green,Australia,Allrounder,MI,17.5,2023
Sikandar Raza,Zimbabwe,Allrounder,PBKS,0.5,2023
Sam Curran,England,Allrounder,PBKS,18.5,2023
Harry Brook,England,Batter,SRH,13.25,2023
Rajat Patidar,India,Batter,RCB,0.2,2023
Matheesha Pathirana,Sri Lanka,Bowler,CSK,0.2,2023
Tristan Stubbs,South Africa,Wk-Batter,MI,0.2,2023
Ravi Bishnoi,India,Bowler,LSG,4,2023
Yash Dhull,India,Batter,DC,0.5,2023
Akash Madhwal,India,Bowler,MI,0.2,2023
Kumar Kartikeya,India,Allrounder,MI,0.2,2023
Shahbaz Ahmed,India,Allrounder,RCB,2.4,2023
Rahul Tripathi,India,Batter,SRH,8.5,2023
Abhinav Manohar Sadarangani,India,Batter,GT,2.6,2023
Harpreet Brar,India,Bowler,PBKS,3.8,2023
Dewald Brevis,South Africa,Batter,MI,3,2023
Deepak Hooda,India,Allrounder,LSG,5.75,2023
Dhruv Jurel,India,Wk-Batter,RR,0.2,2023
Mukesh Choudhary,India,Bowler,CSK,0.2,2023
Tim David,Singapore,Allrounder,MI,8.25,2023
Atharva Taide,India,Allrounder,PBKS,0.2,2023
Praveen Dubey,India,Bowler,DC,0.5,2023
Sai Sudharsan,India,Batter,GT,0.2,2023
Sarfaraz Khan,India,Batter,DC,0.2,2023
Kuldeep Yadav,India,Bowler,DC,2,2023
Subhranshu Senapati,India,Batter,CSK,0.2,2023
Obed McCoy,West Indies,Bowler,RR,0.75,2023
Siddarth Kaul,India,Bowler,RCB,0.75,2023
Fazalhaq Farooqi,Afghanistan,Bowler,SRH,0.5,2023
Shahrukh Khan,India,Batter,PBKS,9,2023
Kamlesh Nagarkoti,India,Bowler,DC,1.1,2023
Riyan Parag,India,Allrounder,RR,3.8,2023
Abhishek Sharma,India,Allrounder,SRH,6.5,2023
Rahul Tewatia,India,Allrounder,GT,9,2023
Anuj Rawat,India,Wk-Batter,RCB,3.4,2023
Rahul Chahar,India,Bowler,PBKS,5.25,2023
Yuzvendra Chahal,India,Bowler,RR,6.5,2023
Umesh Yadav,India,Bowler,KKR,2,2023
Mark Wood,England,Bowler,LSG,7.5,2023
Jitesh Sharma,India,Wk-Batter,PBKS,0.2,2023
Nathan Ellis,Australia,Bowler,PBKS,0.75,2023
Prabhsimran Singh,India,Wk-Batter,PBKS,0.6,2023
Ramandeep Singh,India,Batter,MI,0.2,2023
Mustafizur Rahman,Bangladesh,Bowler,DC,2,2023
Suyash Prabhudessai,India,Batter,RCB,0.3,2023
Tushar Deshpande,India,Bowler,CSK,0.2,2023
Avesh Khan,India,Bowler,LSG,10,2023
Ravisrinivasan Sai Kishore,India,Bowler,GT,3,2023
Glenn Phillips,New Zealand,Wk-Batter,SRH,1.5,2023
Mitchell Santner,New Zealand,Allrounder,CSK,1.9,2023
Ayush Badoni,India,Allrounder,LSG,0.2,2023
Rishi Dhawan,India,Allrounder,PBKS,0.55,2023
Tim Southee,New Zealand,Bowler,KKR,1.5,2023
Jofra Archer,England,Bowler,MI,8,2023
Alzarri Joseph,West Indies,Bowler,GT,2.4,2023
Rovman Powell,West Indies,Batter,DC,2.8,2023
Bhanuka Rajapaksa,Sri Lanka,Batter,PBKS,0.5,2023
Devon Conway,New Zealand,Batter,CSK,1,2023
Prashant Solanki,India,Bowler,CSK,1.2,2023
Finn Allen,New Zealand,Wk-Batter,RCB,0.8,2023
Mayank Yadav,India,Bowler,LSG,0.2,2023
Pradeep Sangwan,India,Bowler,GT,0.2,2023
Mohsin Khan,India,Bowler,LSG,0.2,2023
Simarjeet Singh,India,Bowler,CSK,0.2,2023
T Natarajan,India,Bowler,SRH,4,2023
Kuldeep Sen,India,Bowler,RR,0.2,2023
Kartik Tyagi,India,Bowler,SRH,4,2023
Bhuvneshwar Kumar,India,Bowler,SRH,4.2,2023
Prasidh Krishna,India,Bowler,RR,10,2023
Noor Ahmad,Afghanistan,Bowler,GT,0.3,2023
Josh Hazlewood,Australia,Bowler,RCB,7.75,2023
Yash Dayal,India,Bowler,GT,3.2,2023
KC Cariappa,India,Bowler,RR,0.3,2023
Tilak Varma,India,Batter,MI,1.7,2023
Anukul Roy,India,Allrounder,KKR,0.2,2023
Deepak Chahar,India,Bowler,CSK,14,2023
Ripal Patel,India,Allrounder,DC,0.2,2023
Matthew Wade,Australia,Wk-Batter,GT,2.4,2023
Wriddhiman Saha,India,Wk-Batter,GT,1.9,2023
Vicky Ostwal,India,Allrounder,DC,0.2,2023
Ambati Rayudu,India,Wk-Batter,CSK,6.75,2023
Darshan Nalkande,India,Bowler,GT,0.2,2023
Ishan Kishan,India,Wk-Batter,MI,15.25,2023
Mahipal Lomror,India,Allrounder,RCB,0.95,2023
Dinesh Karthik,India,Wk-Batter,RCB,5.5,2023
Rajvardhan Hangargekar,India,Bowler,CSK,1.5,2023
Jonny Bairstow,England,Wk-Batter,PBKS,6.75,2023
Washington Sundar,India,Allrounder,SRH,8.75,2023
Raj Bawa,India,Bowler,PBKS,2,2023
Manan Vohra,India,Batter,LSG,0.2,2023
Nitish Rana,India,Allrounder,KKR,8,2023
Rinku Singh,India,Batter,KKR,0.55,2023
Harshal Patel,India,Bowler,RCB,10.75,2023
Krunal Pandya,India,Allrounder,LSG,8.25,2023
Maheesh Theekshana,Sri Lanka,Bowler,CSK,0.7,2023
Mitchell Marsh,Australia,Allrounder,DC,6.5,2023
Karn Sharma,India,Bowler,RCB,0.5,2023
Chetan Sakariya,India,Bowler,DC,4.2,2023
Navdeep Saini,India,Bowler,RR,2.6,2023
Lungi Ngidi,South Africa,Bowler,DC,0.5,2023
Khaleel Ahmed,India,Bowler,DC,5.25,2023
Jayant Yadav,India,Allrounder,GT,1.7,2023
Vijay Shankar,India,Allrounder,GT,1.4,2023
Liam Livingstone,England,Allrounder,PBKS,11.5,2023
David Willey,England,Allrounder,RCB,2,2023
Marco Jansen,South Africa,Allrounder,SRH,4.2,2023
Krishnappa Gowtham,India,Allrounder,LSG,0.9,2023
Karan Sharma,India,Allrounder,LSG,0.2,2023
Shivam Dube,India,Allrounder,CSK,4,2023
Mohd Arshad Khan,India,Bowler,MI,0.2,2023
Lalit Yadav,India,Allrounder,DC,0.65,2023
Baltej Singh,India,Allrounder,PBKS,0.2,2023
Aiden Markram,South Africa,Batter,SRH,2.6,2023
Kyle Mayers,West Indies,Allrounder,LSG,0.5,2023
Arjun Tendulkar,India,Allrounder,MI,0.3,2023
Hrithik Shokeen,India,Allrounder,MI,0.2,2023
Kuldip Yadav,India,Bowler,RR,0.2,2023
Wanindu Hasaranga,Sri Lanka,Allrounder,RCB,10.75,2023
Devdutt Padikkal,India,Batter,RR,7.75,2023
David Miller,South Africa,Batter,GT,3,2023
Shimron Hetmyer,West Indies,Batter,RR,8.5,2023
David Warner,Australia,Batter,DC,6.25,2023
Mohammed Shami,India,Bowler,GT,6.25,2023
Kagiso Rabada,South Africa,Bowler,PBKS,9.25,2023
Shreyas Iyer,India,Batter,KKR,12.25,2023
Faf du Plessis,South Africa,Batter,RCB,7,2023
Shikhar Dhawan,India,Batter,PBKS,8.25,2023
Quinton de Kock,South Africa,Wk-Batter,LSG,6.75,2023
Trent Boult,New Zealand,Bowler,RR,8,2023
Umran Malik,India,Bowler,SRH,4,2023
Abdul Samad,India,Allrounder,SRH,4,2023
Ravichandran Ashwin,India,Allrounder,RR,5,2023
Mohammed Siraj,India,Bowler,RCB,7,2023
Glenn Maxwell,Australia,Allrounder,RCB,11,2023
Virat Kohli,India,Batter,RCB,15,2023
Yashasvi Jaiswal,India,Batter,RR,4,2023
Jos Buttler,England,Wk-Batter,RR,10,2023
Sanju Samson,India,Wk-Batter,RR,14,2023
Arshdeep Singh,India,Bowler,PBKS,4,2023
Suryakumar Yadav,India,Batter,MI,8,2023
Jasprit Bumrah,India,Bowler,MI,12,2023
Akash Deep,India,Bowler,RCB,0.2,2023
Rohit Sharma,India,Batter,MI,16,2023
Dwaine Pretorius,South Africa,Allrounder,CSK,0.5,2023
KL Rahul,India,Wk-Batter,LSG,17,2023
Marcus Stoinis,Australia,Allrounder,LSG,9.2,2023
Sunil Narine,West Indies,Allrounder,KKR,6,2023
Venkatesh Iyer,India,Allrounder,KKR,8,2023
Ravindra Jadeja,India,Allrounder,CSK,16,2023
Varun Chakaravarthy,India,Bowler,KKR,8,2023
Andre Russell,West Indies,Allrounder,KKR,12,2023
Shubman Gill,India,Batter,GT,8,2023
Rashid Khan,Afghanistan,Bowler,GT,15,2023
Hardik Pandya,India,Allrounder,GT,15,2023
Anrich Nortje,South Africa,Bowler,DC,6.5,2023
Prithvi Shaw,India,Batter,DC,7.5,2023
MS Dhoni,India,Wk-Batter,CSK,12,2023
Moeen Ali,England,Allrounder,CSK,8,2023
Ruturaj Gaikwad,India,Batter,CSK,6,2023
Rishabh Pant,India,Wk-Batter,DC,16,2023
Axar Patel,India,Allrounder,DC,9,2023
Daryl Mitchell,Overseas,All-Rounder,Chennai Super Kings,14,2024
Sameer Rizvi,Indian,Batter,Chennai Super Kings,8.4,2024
Shardul Thakur,Indian,All-Rounder,Chennai Super Kings,4,2024
Mustafizur Rahman,Overseas,Bowler,Chennai Super Kings,2,2024
Rachin Ravindra,Overseas,All-Rounder,Chennai Super Kings,1.8,2024
Avanish Rao Aravelly,Indian,Wicket-Keeper,Chennai Super Kings,0.2,2024
Kumar Kushagra,Indian,Wicket-Keeper,Delhi Capitals,7.2,2024
Jhye Richardson,Overseas,Bowler,Delhi Capitals,5,2024
Harry Brook,Overseas,Batter,Delhi Capitals,4,2024
Sumit Kumar,Indian,All-Rounder,Delhi Capitals,1,2024
Shai Hope,Overseas,Wicket-Keeper,Delhi Capitals,0.75,2024
Tristan Stubbs,Overseas,Wicket-Keeper,Delhi Capitals,0.5,2024
Ricky Bhui,Indian,Wicket-Keeper,Delhi Capitals,0.2,2024
Swastik Chhikara,Indian,Batter,Delhi Capitals,0.2,2024
Rasikh Dar,Indian,Bowler,Delhi Capitals,0.2,2024
Spencer Johnson,Overseas,Bowler,Gujarat Titans,10,2024
Shahrukh Khan,Indian,All-Rounder,Gujarat Titans,7.4,2024
Umesh Yadav,Indian,Bowler,Gujarat Titans,5.8,2024
Robin Minz,Indian,Wicket-Keeper,Gujarat Titans,3.6,2024
Sushant Mishra,Indian,Bowler,Gujarat Titans,2.2,2024
Kartik Tyagi,Indian,Bowler,Gujarat Titans,0.6,2024
Azmatullah Omarzai,Overseas,All-Rounder,Gujarat Titans,0.5,2024
Manav Suthar,Indian,Bowler,Gujarat Titans,0.2,2024
Mitchell Starc,Overseas,Bowler,Kolkata Knight Riders,24.75,2024
Mujeeb Rahman,Overseas,Bowler,Kolkata Knight Riders,2,2024
Sherfane Rutherford,Overseas,Batter,Kolkata Knight Riders,1.5,2024
Gus Atkinson,Overseas,Bowler,Kolkata Knight Riders,1,2024
Manish Pandey,Indian,Batter,Kolkata Knight Riders,0.5,2024
K.S. Bharat,Indian,Wicket-Keeper,Kolkata Knight Riders,0.5,2024
Chetan Sakariya,Indian,Bowler,Kolkata Knight Riders,0.5,2024
Angkrish Raghuvanshi,Indian,Batter,Kolkata Knight Riders,0.2,2024
Ramandeep Singh,Indian,All-Rounder,Kolkata Knight Riders,0.2,2024
Sakib Hussain,Indian,Bowler,Kolkata Knight Riders,0.2,2024
Shivam Mavi,Indian,Bowler,Lucknow Super Giants,6.4,2024
M. Siddharth,Indian,Bowler,Lucknow Super Giants,2.4,2024
David Willey,Overseas,All-Rounder,Lucknow Super Giants,2,2024
Ashton Turner,Overseas,Batter,Lucknow Super Giants,1,2024
Arshin Kulkarni,Indian,All-Rounder,Lucknow Super Giants,0.2,2024
Mohd. Arshad Khan,Indian,All-Rounder,Lucknow Super Giants,0.2,2024
Gerald Coetzee,Overseas,All-Rounder,Mumbai Indians,5,2024
Nuwan Thushara,Overseas,Bowler,Mumbai Indians,4.8,2024
Dilshan Madushanka,Overseas,Bowler,Mumbai Indians,4.6,2024
Mohammad Nabi,Overseas,All-Rounder,Mumbai Indians,1.5,2024
Shreyas Gopal,Indian,Bowler,Mumbai Indians,0.2,2024
Shivalik Sharma,Indian,All-Rounder,Mumbai Indians,0.2,2024
Anshul Kamboj,Indian,All-Rounder,Mumbai Indians,0.2,2024
Naman Dhir,Indian,All-Rounder,Mumbai Indians,0.2,2024
Harshal Patel,Indian,All-Rounder,Punjab Kings,11.75,2024
Rilee Rossouw,Overseas,Batter,Punjab Kings,8,2024
Chris Woakes,Overseas,All-Rounder,Punjab Kings,4.2,2024
Tanay Thyagarajann,Indian,All-Rounder,Punjab Kings,0.2,2024
Vishwanath Pratap Singh,Indian,All-Rounder,Punjab Kings,0.2,2024
Ashutosh Sharma,Indian,All-Rounder,Punjab Kings,0.2,2024
Shashank Singh,Indian,Batter,Punjab Kings,0.2,2024
Prince Choudhary,Indian,Bowler,Punjab Kings,0.2,2024
Rovman Powell,Overseas,Batter,Rajasthan Royals,7.4,2024
Shubham Dubey,Indian,Batter,Rajasthan Royals,5.8,2024
Nandre Burger,Overseas,Bowler,Rajasthan Royals,0.5,2024
Tom Kohler-Cadmore,Overseas,Wicket-Keeper,Rajasthan Royals,0.4,2024
Abid Mushtaq,Indian,All-Rounder,Rajasthan Royals,0.2,2024
Alzarri Joseph,Overseas,Bowler,Royal Challengers Bengaluru,11.5,2024
Yash Dayal,Indian,Bowler,Royal Challengers Bengaluru,5,2024
Lockie Ferguson,Overseas,Bowler,Royal Challengers Bengaluru,2,2024
Tom Curran,Overseas,All-Rounder,Royal Challengers Bengaluru,1.5,2024
Saurav Chuahan,Indian,Batter,Royal Challengers Bengaluru,0.2,2024
Swapnil Singh,Indian,All-Rounder,Royal Challengers Bengaluru,0.2,2024
Pat Cummins,Overseas,All-Rounder,Sunrisers Hyderabad,20.5,2024
Travis Head,Overseas,Batter,Sunrisers Hyderabad,6.8,2024
Jaydev Unadkat,Indian,Bowler,Sunrisers Hyderabad,1.6,2024
Wanindu Hasaranga,Overseas,All-Rounder,Sunrisers Hyderabad,1.5,2024
Jhathavedh Subramanyan,Indian,Bowler,Sunrisers Hyderabad,0.2,2024
Akash Singh,Indian,Bowler,Sunrisers Hyderabad,0.2,2024
Virat Kohli,Indian,Bat,RCB,21,2025
Rajat Patidar,Indian,Bat,RCB,11,2025
Yash Dayal,Indian,Bowl,RCB,5,2025
Jasprit Bumrah,Indian,Bowl,MI,18,2025
Suryakumar Yadav,Indian,Bat,MI,16.35,2025
Hardik Pandya,Indian,Ar,MI,16.35,2025
Rohit Sharma,Indian,Bat,MI,16.3,2025
Tilak Varma,Indian,Ar,MI,8,2025
Heinrich Klaasen,Overseas,Bat,SRH,23,2025
Pat Cummins,Overseas,Ar,SRH,18,2025
Abhishek Sharma,Indian,Ar,SRH,14,2025
Travis Head,Overseas,Bat,SRH,14,2025
Nitish Kumar Reddy,Indian,Ar,SRH,6,2025
Ruturaj Gaikwad,Indian,Bat,CSK,18,2025
Ravindra Jadeja,Indian,Ar,CSK,18,2025
Matheesha Pathirana,Overseas,Bowl,CSK,13,2025
Shivam Dube,Indian,Ar,CSK,12,2025
MS Dhoni,Indian,Bat,CSK,4,2025
Axar Patel,Indian,Ar,DC,16.5,2025
Kuldeep Yadav,Indian,Bowl,DC,13.25,2025
Tristan Stubbs,Overseas,Bat,DC,10,2025
Abishek Porel,Indian,Bat,DC,4,2025
Rinku Singh,Indian,Bat,KKR,13,2025
Varun Chakravarthy,Indian,Ar,KKR,12,2025
Sunil Narine,Overseas,Bowl,KKR,12,2025
Andre Russell,Overseas,Ar,KKR,12,2025
Harshit Rana,Indian,Bowl,KKR,4,2025
Ramandeep Singh,Indian,Ar,KKR,4,2025
Sanju Samson,Indian,Bat,RR,18,2025
Yashasvi Jaiswal,Indian,Ar,RR,18,2025
Riyan Parag,Indian,Ar,RR,14,2025
Dhruv Jurel,Indian,Bat,RR,14,2025
Shimron Hetmyer,Overseas,Bat,RR,11,2025
Sandeep Sharma,Indian,Bowl,RR,4,2025
Rashid Khan,Overseas,Bowl,GT,18,2025
Shubman Gill,Indian,Bat,GT,16.5,2025
Sai Sudharsan,Indian,Ar,GT,8.5,2025
Rahul Tewatia,Indian,Ar,GT,4,2025
M Shahrukh Khan,Indian,Ar,GT,4,2025
Nicholas Pooran,Overseas,Bat,LSG,21,2025
Ravi Bishnoi,Indian,Bowl,LSG,11,2025
Mayank Yadav,Indian,Bowl,LSG,11,2025
Mohsin Khan,Indian,Bowl,LSG,4,2025
Ayush Badoni,Indian,Ar,LSG,4,2025
Shashank Singh,Indian,Ar,PBKS,5.5,2025
Prabhsimran Singh,Indian,Bat,PBKS,4,2025
Jos Buttler,Overseas,Bat,GT,15.75,2025
Shreyas Iyer,Indian,Bat,PBKS,26.75,2025
Rishabh Pant,Indian,Bat,LSG,27,2025
Kagiso Rabada,Overseas,Bowl,GT,10.75,2025
Arshdeep Singh,Indian,Bowl,PBKS,18,2025
Mitchell Starc,Overseas,Bowl,DC,11.75,2025
Yuzvendra Chahal,Indian,Bowl,PBKS,18,2025
Liam Livingstone,Overseas,Ar,RCB,8.75,2025
David Miller,Overseas,Bat,LSG,7.5,2025
KL Rahul,Indian,Bat,DC,14,2025
Mohammed Shami,Indian,Bowl,SRH,10,2025
Mohammed Siraj,Indian,Bowl,GT,12.25,2025
Harry Brook,Overseas,Bat,DC,6.25,2025
Devon Conway,Overseas,Bat,CSK,6.25,2025
Jake Fraser-McGurk,Overseas,Bat,DC,9,2025
Aiden Markram,Overseas,Bat,LSG,2,2025
Devdutt Padikkal,Indian,Bat,RCB,2,2025
Rahul Tripathi,Indian,Bat,CSK,3.4,2025
David Warner,Overseas,Bat,-,,2025
Ravichandran Ashwin,Indian,Ar,CSK,9.75,2025
Venkatesh Iyer,Indian,Ar,KKR,23.75,2025
Mitchell Marsh,Overseas,Ar,LSG,3.4,2025
Glenn Maxwell,Overseas,Ar,PBKS,4.2,2025
Harshal Patel,Indian,Ar,SRH,8,2025
Rachin Ravindra,Indian,Ar,CSK,4,2025
Marcus Stoinis,Overseas,Ar,PBKS,11,2025
Jonny Bairstow,Overseas,Bat,-,,2025
Quinton de Kock,Overseas,Bat,KKR,3.6,2025
Rahmanullah Gurbaz,Overseas,Bat,KKR,2,2025
Ishan Kishan,Indian,Bat,SRH,11.25,2025
Phil Salt,Overseas,Bat,RCB,11.5,2025
Jitesh Sharma,Indian,Bat,RCB,11,2025
Khaleel Ahmed,Indian,Bowl,CSK,4.8,2025
Trent Boult,Overseas,Bowl,MI,12.5,2025
Josh Hazlewood,Overseas,Bowl,RCB,12.5,2025
Avesh Khan,Indian,Bowl,LSG,9.75,2025
Prasidh Krishna,Indian,Bowl,GT,9.5,2025
T Natarajan,Indian,Bowl,DC,10.75,2025
Anrich Nortje,Overseas,Bowl,KKR,6.5,2025
Noor Ahmad,Overseas,Bowl,CSK,10,2025
Rahul Chahar,Indian,Bowl,SRH,3.2,2025
Wanindu Hasaranga,Overseas,Bowl,RR,5.25,2025
Waqar Salamkheil,Overseas,Bowl,-,,2025
Maheesh Theekshana,Overseas,Bowl,RR,4.4,2025
Adam Zampa,Indian,Bowl,SRH,2.4,2025
Yash Dhull,,Bat,-,,2025
Abhinav Manohar,Indian,Bat,SRH,3.2,2025
Karun Nair,Indian,Bat,DC,0.5,2025
Angkrish Raghuvanshi,Indian,Bat,KKR,3,2025
Anmolpreet Singh,,Bat,-,,2025
Atharva Taide,Indian,Bat,SRH,0.3,2025
Nehal Wadhera,Indian,Bat,PBKS,4.2,2025
Harpreet Brar,Indian,Ar,PBKS,1.5,2025
Naman Dhir,Indian,Ar,MI,5.25,2025
Mahipal Lomror,Indian,Ar,GT,1.7,2025
Sameer Rizvi,Indian,Ar,DC,0.95,2025
Abdul Samad,Indian,Ar,LSG,4.2,2025
Vijay Shankar,Indian,Ar,CSK,1.2,2025
Ashutosh Sharma,Indian,Ar,DC,3.8,2025
Nishant Sindhu,Indian,Ar,GT,0.3,2025
Utkarsh Singh,,Ar,-,,2025
Aryan Juyal,Indian,Bat,LSG,0.3,2025
Kumar Kushagra,Indian,Bat,GT,0.65,2025
Robin Minz,Indian,Bat,MI,0.65,2025
Anuj Rawat,Indian,Bat,GT,0.3,2025
Luvnith Sisodia,Indian,Bat,KKR,0.3,2025
Vishnu Vinod,Indian,Bat,PBKS,0.95,2025
Upendra Yadav,,Bat,-,,2025
Vaibhav Arora,Indian,Bowl,KKR,1.8,2025
Rasikh Salam,Indian,Bowl,RCB,6,2025
Akash Madhwal,Indian,Bowl,RR,1.2,2025
Mohit Sharma,Indian,Bowl,DC,2.2,2025
Simarjeet Singh,Indian,Bowl,SRH,1.5,2025
Yash Thakur,Indian,Bowl,PBKS,1.6,2025
Kartik Tyagi,,Bowl,-,,2025
Vijaykumar Vyshak,Indian,Bowl,PBKS,1.8,2025
Piyush Chawla,,Bowl,-,,2025
Shreyas Gopal,Indian,Bowl,CSK,0.3,2025
Mayank Markande,Indian,Bowl,KKR,0.3,2025
Suyash Sharma,Indian,Bowl,RCB,2.6,2025
Karn Sharma,Indian,Bowl,MI,0.5,2025
Kumar Kartikeya,Indian,Bowl,RR,0.3,2025
Manav Suthar,Indian,Bowl,GT,0.3,2025
Mayank Agarawal,,Bat,-,,2025
Faf du Plessis,Overseas,Bat,DC,2,2025
Glenn Phillips,Overseas,Bat,GT,2,2025
Rovman Powell,Overseas,Bat,KKR,1.5,2025
Ajinkya Rahane,Indian,Bat,KKR,1.5,2025
Prithvi Shaw,,Bat,-,,2025
Kane Williamson,Overseas,Bat,-,,2025
Sam Curran,Overseas,Ar,CSK,2.4,2025
Marco Jansen,Overseas,Ar,PBKS,7,2025
Daryl Mitchell,Overseas,Ar,-,,2025
Krunal Pandya,Indian,Ar,RCB,5.75,2025
Nitish Rana,Indian,Ar,RR,4.2,2025
Washington Sundar,Indian,Ar,GT,3.2,2025
Shardul Thakur,,Ar,-,,2025
Srikar Bharat,,Bat,-,,2025
Alex Carey,Overseas,Bat,-,,2025
Donovan Ferreira,Overseas,Bat,DC,0.75,2025
Shai Hope,,Bat,-,,2025
Josh Inglis,Overseas,Bat,PBKS,2.6,2025
Ryan Rickelton,Overseas,Bat,MI,1,2025
Deepak Chahar,Indian,Bowl,MI,9.25,2025
Gerald Coetzee,Overseas,Bowl,GT,2.4,2025
Akash Deep,Indian,Bowl,LSG,8,2025
Tushar Deshpande,Indian,Bowl,RR,6.5,2025
Lockie Ferguson,Overseas,Bowl,PBKS,2,2025
Bhuvneshwar Kumar,Indian,Bowl,RCB,10.75,2025
Mukesh Kumar,Indian,Bowl,DC,8,2025
AM Ghazanfar,Indian,Bowl,MI,4.8,2025
Akeal Hosein,,Bowl,-,,2025
Keshav Maharaj,,Bowl,-,,2025
Mujeeb Ur Rahman,,Bowl,-,,2025
Adil Rashid,,Bowl,-,,2025
Vijayakanth Viyaskanth,,Bowl,-,,2025
Ricky Bhui,,Bat,-,,2025
Swastik Chikara,Indian,Bat,RCB,0.3,2025
Aarya Desai,,Bat,-,,2025
Shubham Dubey,Indian,Bat,RR,0.8,2025
Madhav Kaushik,,Bat,-,,2025
Pukhraj Mann,,Bat,-,,2025
Shaik Rasheed,Indian,Bat,CSK,0.3,2025
Himmat Singh,Indian,Bat,LSG,0.3,2025
Mayank Dagar,,Ar,-,,2025
Anshul Kamboj,Indian,Ar,CSK,3.4,2025
Arshad Khan,Overseas,Ar,GT,1.3,2025
Darshan Nalkande,Indian,Ar,DC,0.3,2025
Suyash Prabhudessai,,Ar,-,,2025
Anukul Roy,Indian,Ar,KKR,0.4,2025
Swapnil Singh,Indian,Ar,RCB,0.5,2025
Sanvir Singh,,Ar,-,,2025
Aravelly Avanish,,Bat,-,,2025
Vansh Bedi,Indian,Bat,CSK,0.55,2025
Saurav Chauhan,,Bat,-,,2025
Harvik Desai,,Bat,-,,2025
Tom Kohler-Cadmore,,Bat,-,,2025
Kunal Singh Rathore,Indian,Bat,RR,0.3,2025
BR Sharath,,Bat,-,,2025
Gurnoor Brar,Indian,Bowl,GT,1.3,2025
Mukesh Choudhary,Indian,Bowl,CSK,0.3,2025
Sakib Hussain,,Bowl,-,,2025
Vidwath Kaverappa,,Bowl,-,,2025
Rajan Kumar,,Bowl,-,,2025
Sushant Mishra,,Bowl,-,,2025
Arjun Tendulkar,Indian,Bowl,MI,0.3,2025
Zeeshan Ansari,Indian,Bowl,SRH,0.4,2025
Prince Choudhary,,Bowl,-,,2025
Himanshu Sharma,,Bowl,-,,2025
Manimaran Siddharth,Indian,Bowl,LSG,0.75,2025
Digvesh Singh,Indian,Bowl,LSG,0.3,2025
Prashant Solanki,,Bowl,-,,2025
Jhathavedh Subramanyan,,Bowl,-,,2025
Finn Allen,,Bat,-,,2025
Dewald Brevis,,Bat,-,,2025
Ben Duckett,,Bat,-,,2025
Manish Pandey,Indian,Bat,KKR,0.75,2025
Rilee Rossouw,,Bat,-,,2025
Sherfane Rutherford,Overseas,Bat,GT,2.6,2025
Ashton Turner,,Bat,-,,2025
James Vince,,Bat,-,,2025
Shahbaz Ahmed,Indian,Ar,LSG,2.4,2025
Moeen Ali,Overseas,Ar,KKR,2,2025
Tim David,Overseas,Ar,RCB,3,2025
Deepak Hooda,Indian,Ar,CSK,1.7,2025
Will Jacks,Overseas,Ar,MI,5.25,2025
Azmatullah Omarzai,Overseas,Ar,PBKS,2.4,2025
Sai Kishore,Indian,Ar,GT,2,2025
Romario Shepherd,Overseas,Ar,RCB,1.5,2025
Tom Banton,,Bat,-,,2025
Sam Billings,,Bat,-,,2025
Jordan Cox,,Bat,-,,2025
Ben McDermott,,Bat,-,,2025
Kusal Mendis,,Bat,-,,2025
Kusal Perera,,Bat,-,,2025
Josh Philippe,,Bat,-,,2025
Tim Seifert,,Bat,-,,2025
Nandre Burger,,Bowl,-,,2025
Spencer Johnson,Overseas,Bowl,KKR,2.8,2025
Umran Malik,Indian,Bowl,KKR,0.75,2025
Mustafizur Rahman,,Bowl,-,,2025
Ishant Sharma,Indian,Bowl,GT,0.75,2025
Nuwan Thushara,Indian,Bowl,RCB,1.6,2025
Naveen-ul-Haq,,Bowl,-,,2025
Jaydev Unadkat,Indian,Bowl,SRH,1,2025
Umesh Yadav,,Bowl,-,,2025
Rishad Hossain,,Bowl,-,,2025
Zahir Khan,,Bowl,-,,2025
Nqabayomzi Peter,,Bowl,-,,2025
Tanveer Sangha,,Bowl,-,,2025
Tabraiz Shamsi,,Bowl,-,,2025
Jeffrey Vandersay,,Bowl,-,,2025
Sachin Baby,Indian,Bat,SRH,0.3,2025
Priyam Garg,,Bat,-,,2025
Harnoor Singh,Indian,Bat,PBKS,0.3,2025
R Smaran,,Bat,-,,2025
Shashwat Rawat,,Bat,-,,2025
C Andre Siddarth,Indian,Bat,CSK,0.3,2025
Avneesh Sudha,,Bat,-,,2025
Apoorv Wankhade,,Bat,-,,2025
Yudhvir Singh,Indian,Ar,RR,0.35,2025
Rishi Dhawan,,Ar,-,,2025
Rajvardhan Hangargekar,Indian,Ar,LSG,0.3,2025
Tanush Kotian,,Ar,-,,2025
Arshin Kulkarni,Indian,Ar,LSG,0.3,2025
Shams Mulani,,Ar,-,,2025
Shivam Singh,,Ar,-,,2025
Lalit Yadav,,Ar,-,,2025
Mohammed Azharuddeen,,Bat,-,,2025
LR Chethan,,Bat,-,,2025
Aryaman Singh,,Bat,-,,2025
Urvil Patel,,Bat,-,,2025
Sanskar Rawat,,Bat,-,,2025
Bipin Saurabh,,Bat,-,,2025
Tanay Thyagarajan,,Bat,-,,2025
Money Grewal,,Bowl,-,,2025
Ashwani Kumar,Indian,Bowl,MI,0.3,2025
Ishan Porel,,Bowl,-,,2025
Abhilash Shetty,,Bowl,-,,2025
Akash Singh,Indian,Bowl,LSG,0.3,2025
Gurjapneet Singh,Indian,Bowl,CSK,2.2,2025
Basil Thampi,,Bowl,-,,2025
Murugan Ashwin,,Bowl,-,,2025
Shreyas Chavan,,Bowl,-,,2025
Chintal Gandhi,,Bowl,-,,2025
Raghav Goyal,,Bowl,-,,2025
Jagadeesha Suchith,,Bowl,-,,2025
Roshan Waghsare,,Bowl,-,,2025
BailapudiYeswanth,,Bowl,-,,2025
Sediqullah Atal,,Bat,-,,2025
Matthew Breetzke,Overseas,Bat,LSG,0.75,2025
Mark Chapman,,Bat,-,,2025
Brandon King,,Bat,-,,2025
Evin Lewis,,Bat,-,,2025
Pathum Nissanka,,Bat,-,,2025
Bhanuka Rajapaksa,,Bat,-,,2025
Steven Smith,,Bat,-,,2025
Gus Atkinson,,Ar,-,,2025
Tom Curran,,Ar,-,,2025
Krishnappa Gowtham,,Ar,-,,2025
Mohammad Nabi,,Ar,-,,2025
Gulbadin Naib,,Ar,-,,2025
Sikandar Raza,,Ar,-,,2025
Mitchell Santner,Overseas,Ar,MI,2,2025
Jayant Yadav,Indian,Ar,GT,0.75,2025
Johnson Charles,,Bat,-,,2025
Litton Das,,Bat,-,,2025
Andre Fletcher,,Bat,-,,2025
Tom Latham,,Bat,-,,2025
Ollie Pope,,Bat,-,,2025
Kyle Verreynne,,Bat,-,,2025
Fazalhaq Farooqi,Overseas,Bowl,RR,2,2025
Richard Gleeson,,Bowl,-,,2025
Matt Henry,,Bowl,-,,2025
Alzarri Joseph,,Bowl,-,,2025
Kwena Maphaka,Overseas,Bowl,RR,1.5,2025
Kuldeep Sen,Indian,Bowl,PBKS,0.8,2025
Reece Topley,Overseas,Bowl,MI,0.75,2025
Lizaad Williams,Overseas,Bowl,MI,0.75,2025
Luke Wood,,Bowl,-,,2025
Sachin Dhas,,Bat,-,,2025
Leus du Plooy,,Bat,-,,2025
Ashwin Hebbar,,Bat,-,,2025
Rohan  Kunnummal,,Bat,-,,2025
Ayush Pandey,,Bat,-,,2025
Akshat Raghuwanshi,,Bat,-,,2025
Shoun Roger,,Bat,-,,2025
Virat Singh,,Bat,-,,2025
Priyansh Arya,Indian,Ar,PBKS,3.8,2025
Manoj Bhandage,Indian,Ar,RCB,0.3,2025
Praveen Dubey,Indian,Ar,PBKS,0.3,2025
Ajay Mandal,Indian,Ar,DC,0.3,2025
Prerak Mankad,,Ar,-,,2025
Vipraj Nigam,Indian,Ar,DC,0.5,2025
Vicky Ostwal,,Ar,-,,2025
Shivalik Sharma,,Ar,-,,2025
Salil Arora,,Bat,-,,2025
Dinesh Bana,,Bat,-,,2025
Guruswamy Ajitesh,,Bat,-,,2025
Narayan Jagadeesan,,Bat,-,,2025
Krishnan Shrijith,Indian,Bat,MI,0.3,2025
Michael Pepper,,Bat,-,,2025
Vishnu Solanki,,Bat,-,,2025
KM Asif,,Bowl,-,,2025
Akhil Chaudhary,,Bowl,-,,2025
Himanshu Chauhan,,Bowl,-,,2025
Arpit Guleria,,Bowl,-,,2025
Saranu Nishanth,,Bowl,-,,2025
Kuldip Yadav,,Bowl,-,,2025
Prithvi Raj,,Bowl,-,,2025
Shubham Agarwal,,Bowl,-,,2025
Jasinder Singh,,Bowl,-,,2025
Jasmer Dhankhar,,Bowl,-,,2025
Pulkit Narang,,Bowl,-,,2025
Saumy Pandey,,Bowl,-,,2025
Mohit Rathee,Indian,Bowl,RCB,0.3,2025
Himanshu Singh,,Bowl,-,,2025
Towhid Hridoy,,Bat,-,,2025
Mikyle Louis,,Bat,-,,2025
Harry Tector,,Bat,-,,2025
Rassie van der Dussen,,Bat,-,,2025
Will Young,,Bat,-,,2025
Najibullah Zadran,,Bat,-,,2025
Ibrahim Zadran,,Bat,-,,2025
Sean Abbott,,Ar,-,,2025
Jacob Bethell,Overseas,Ar,RCB,2.6,2025
Brydon Carse,Overseas,Ar,SRH,1,2025
Aaron Hardie,Overseas,Ar,PBKS,1.25,2025
Sarfaraz Khan,,Ar,-,,2025
Kyle Mayers,,Ar,-,,2025
Kamindu Mendis,Overseas,Ar,SRH,0.75,2025
Matthew Short,,Ar,-,,2025
Jason Behrendorff,,Bowl,-,,2025
Dushmantha Chameera,Overseas,Bowl,DC,0.75,2025
Nathan Ellis,Overseas,Bowl,CSK,2,2025
Shamar Joseph,Overseas,Bowl,LSG,0.75,2025
Josh Little,,Bowl,-,,2025
Shivam Mavi,,Bowl,-,,2025
Jhye Richardson,,Bowl,-,,2025
Navdeep Saini,,Bowl,-,,2025
Tanmay Agarwal,,Bat,-,,2025
Amandeep Khare,,Bat,-,,2025
Ayush Mhatre,,Bat,-,,2025
Salman Nizar,,Bat,-,,2025
Aniket Verma,Indian,Bat,SRH,0.3,2025
Sumeet Verma,,Bat,-,,2025
Manan Vohra,,Bat,-,,2025
Samarth Vyas,,Bat,-,,2025
RajBawa,Indian,Ar,MI,0.3,2025
Emanjot Singh Chahal,,Ar,-,,2025
Musheer Khan,Indian,Ar,PBKS,0.3,2025
Manvanth Kumar,Indian,Ar,DC,0.3,2025
Mayank Rawat,,Ar,-,,2025
Suryansh Shedge,Indian,Ar,PBKS,0.3,2025
Hrithik Shokeen,,Ar,-,,2025
Sonu Yadav,,Ar,-,,2025
Rithik Easwaran,,Bat,-,,2025
Anmol Malhotra,,Bat,-,,2025
Pradosh Ranjan Paul,,Bat,-,,2025
Karteek Sharma,,Bat,-,,2025
Akash Singh,,Bat,-,,2025
Tejasvi Singh,,Bat,-,,2025
Siddarth Yadav,,Bat,-,,2025
Saurabh Dubey,,Bowl,-,,2025
Aaqib Khan,,Bowl,-,,2025
Kulwant Khejroliya,Indian,Bowl,GT,0.3,2025
Ankit Rajpoot,,Bowl,-,,2025
Divesh Sharma,,Bowl,-,,2025
Naman Tiwari,,Bowl,-,,2025
Prince Yadav,Indian,Bowl,LSG,0.3,2025
Kunal Singh Chibb,,Bowl,-,,2025
Yuvraj Chudasama,,Bowl,-,,2025
Deepak Devadiga,,Bowl,-,,2025
Ramesh Prasad,,Bowl,-,,2025
Shivam Shukla,,Bowl,-,,2025
Himanshu Singh,,Bowl,-,,2025
Tejpreet Singh,,Bowl,-,,2025
Qais Ahmad,,Ar,-,,2025
Charith Asalanka,,Ar,-,,2025
Michael Bracewell,,Ar,-,,2025
Gudakesh Motie,,Ar,-,,2025
Dan Mousley,,Ar,-,,2025
Jamie Overton,Overseas,Ar,CSK,1.5,2025
Dunith Wellalage,,Ar,-,,2025
Ottneil Baartman,,Bowl,-,,2025
Xavier Bartlett,Overseas,Bowl,PBKS,0.8,2025
Dilshan Madushanka,,Bowl,-,,2025
Adam Milne,,Bowl,-,,2025
Lungi Ngidi,Overseas,Bowl,RCB,1,2025
William ORourke,,Bowl,-,,2025
Chetan Sakariya,,Bowl,-,,2025
Sandeep Warrier,,Bowl,-,,2025
Musaif Ajaz,,Bat,-,,2025
Agni Chopra,,Bat,-,,2025
Abhimanyu Easwaran,,Bat,-,,2025
Sudip Kumar Gharami,,Bat,-,,2025
Shubham Khajuria,,Bat,-,,2025
Akhil Rawat,,Bat,-,,2025
Prateek Yadav,,Bat,-,,2025
Abdul Basith,,Ar,-,,2025
KC Cariappa,,Ar,-,,2025
Yuvraj Chaudhary,Indian,Ar,LSG,,2025
Aman Khan,,Ar,-,,2025
Sumit Kumar,,Ar,-,,2025
Kamlesh Nagarkoti,Indian,Ar,CSK,0.3,2025
Hardik Raj,,Ar,-,,2025
Harsh Tyagi,,Ar,-,,2025
M Ajnas,,Bat,-,,2025
Unmukt Chand,,Bat,-,,2025
Tejasvi Dahiya,,Bat,-,,2025
Sumit Ghadigaonkar,,Bat,-,,2025
Baba Indrajith,,Bat,-,,2025
Muhammed Adnan Khan,,Bat,-,,2025
Bhagmender Lather,,Bat,-,,2025
Baltej Singh,,Bowl,-,,2025
Ali Khan,,Bowl,-,,2025
Ravi Kumar,,Bowl,-,,2025
Vineet Panwar,,Bowl,-,,2025
Vidyadhar Patil,,Bowl,-,,2025
Aaradhya Shukla,,Bowl,-,,2025
Abhinandan Singh,Indian,Bowl,RCB,0.3,2025
Cooper Connolly,,Ar,-,,2025
Dushan Hemantha,,Ar,-,,2025
Jason Holder,,Ar,-,,2025
Karim Janat,Overseas,Ar,GT,0.75,2025
James Neesham,,Ar,-,,2025
Daniel Sams,,Ar,-,,2025
Will Sutherland,,Ar,-,,2025
Taskin Ahmed,,Bowl,-,,2025
Ben Dwarshuis,,Bowl,-,,2025
Obed McCoy,,Bowl,-,,2025
Riley Meredith,,Bowl,-,,2025
Lance Morris,,Bowl,-,,2025
Olly Stone,,Bowl,-,,2025
Daniel Worrall,,Bowl,-,,2025
Pyla Avinash,Indian,Bat,PBKS,0.3,2025
Kiran Chormale,,Bat,-,,2025
Ashish Dahariya,,Bat,-,,2025
Tushar Raheja,,Bat,-,,2025
Sarthak Ranjan,,Bat,-,,2025
Abhijeet Tomar,,Bat,-,,2025
Krish Bhagat,,Ar,-,,2025
Sohraab Dhaliwal,,Ar,-,,2025
Harsh Dubey,,Ar,-,,2025
Ramakrishna Ghosh,Indian,Ar,CSK,0.3,2025
Raj Limbani,,Ar,-,,2025
Ninad Rathva,,Ar,-,,2025
Vivrant Sharma,,Ar,-,,2025
Shiva Singh,,Ar,-,,2025
Sayed Irfan Aftab,,Bowl,-,,2025
Anirudh Chowdhary,,Bowl,-,,2025
Siddarth Kaul,,Bowl,-,,2025
Prashant Painkra,,Bowl,-,,2025
Satyanarayana Raju,Indian,Bowl,MI,0.3,2025
Yeddala Reddy,,Bowl,-,,2025
Zakary Foulkes,,Ar,-,,2025
Chris Green,,Ar,-,,2025
Shakib Al Hasan,,Ar,-,,2025
Mehidy Hasan Miraz,,Ar,-,,2025
Wiaan Mulder,,Ar,-,,2025
Dwaine Pretorius,,Ar,-,,2025
Dasun Shanaka,,Ar,-,,2025
Shoriful Islam,,Bowl,-,,2025
Blessing Muzarabani,,Bowl,-,,2025
Matthew Potts,,Bowl,-,,2025
Tanzim Hasan Sakib,,Bowl,-,,2025
Ben Sears,,Bowl,-,,2025
Tim Southee,,Bowl,-,,2025
John Turner,,Bowl,-,,2025
Joshua Brown,,Bat,-,,2025
Oliver Davies,,Bat,-,,2025
Bevon Jacobs,Overseas,Bat,MI,0.3,2025
Atharva Kale,,Bat,-,,2025
Abhishek Nair,,Bat,-,,2025
Vishwanath Singh,,Bat,-,,2025
Lone Nasir,,Ar,-,,2025
Brandon McMullen,,Ar,-,,2025
Sudhesan Midhun,,Ar,-,,2025
Abid Mushtaq,,Ar,-,,2025
Mahesh Pithiya,,Ar,-,,2025
Maramreddy Reddy,,Ar,-,,2025
Atit Sheth,,Ar,-,,2025
Jonty Sidhu,,Ar,-,,2025
Mohit Avasthi,,Bowl,-,,2025
Faridoon Dawoodzai,,Bowl,-,,2025
Praful Hinge,,Bowl,-,,2025
Pankaj Jaswal,,Bowl,-,,2025
Vijay Kumar,,Bowl,-,,2025
Ashok Sharma,Indian,Bowl,RR,0.3,2025
Mujtaba Yousuf,,Bowl,-,,2025
Ashton Agar,,Ar,-,,2025
Roston Chase,,Ar,-,,2025
Junior Dala,,Ar,-,,2025
Mahedi Hasan,,Ar,-,,2025
Nangeyalia Kharote,,Ar,-,,2025
Dan Lawrence,,Ar,-,,2025
Nathan Smith,,Ar,-,,2025
James Anderson,,Bowl,-,,2025
Kyle Jamieson,,Bowl,-,,2025
Chris Jordan,,Bowl,-,,2025
Hasan Mahmud,,Bowl,-,,2025
Tymal Mills,,Bowl,-,,2025
David Payne,,Bowl,-,,2025
Nahid Rana,,Bowl,-,,2025
Prayas Ray Barman,,Bat,-,,2025
Jafar Jamal,,Bat,-,,2025
Ayaz Khan,,Bat,-,,2025
Kaushik Maity,,Bat,-,,2025
Rituraj Sharma,,Bat,-,,2025
Vaibhav Suryavanshi,Indian,Bat,RR,1.1,2025
Kartik Chadha,,Ar,-,,2025
Writtick Chatterjee,,Ar,-,,2025
Prerit Dutta,,Ar,-,,2025
Rajneesh Gurbani,,Ar,-,,2025
Shubhang Hegde,,Ar,-,,2025
Saransh Jain,,Ar,-,,2025
Ripal Patel,,Ar,-,,2025
Akash Vasisht,,Ar,-,,2025
Anirudh Kanwar,,Bowl,-,,2025
Shubham Kapse,,Bowl,-,,2025
Atif Mushtaq,,Bowl,-,,2025
Dipesh Parwani,,Bowl,-,,2025
Manish Reddy,,Bowl,-,,2025
Chetan Sharma,,Bowl,-,,2025
Avinash Singh,,Bowl,-,,2025
Alick Athanaze,,Ar,-,,2025
Hilton Cartwright,,Ar,-,,2025
Dominic Drakes,,Ar,-,,2025
Daryn Dupavillon,,Bowl,-,,2025
Matthew Forde,,Ar,-,,2025
Patrick Kruger,,Ar,-,,2025
Lahiru Kumara,,Bowl,-,,2025
Michael Neser,,Ar,-,,2025
Richard Ngarava,,Bowl,-,,2025
Wayne Parnell,,Bowl,-,,2025
Keemo Paul,,Ar,-,,2025
Odean Smith,,Ar,-,,2025
Andrew Tye,,Bowl,-,,2025
Ajay Ahlawat,,Ar,-,,2025
Corbin Bosch,,Ar,-,,2025
Mayank Gusain,,Ar,-,,2025
Mukhtar Hussain,,Ar,-,,2025
Girinath Reddy,,Ar,-,,2025
Jalaj Saxena,,Ar,-,,2025
Yajas Sharma,,Ar,-,,2025
Sanjay Yadav,,Ar,-,,2025
Vishal Godara,,Bowl,-,,2025
Eshan Malinga,Overseas,Bowl,SRH,1.2,2025
Samarth Nagaraj,,Bowl,-,,2025
Abhishek Saini,,Bowl,-,,2025
Dumindu Sewmina,,Bowl,-,,2025
Pradyuman Singh,,Bowl,-,,2025
Vasu Vats,,Bowl,-,,2025
Umang Kumar,,Ar,-,,2025
Mohamed Ali,,Ar,-,,2025
Atharva Ankolekar,,Ar,-,,2025
Vaisakh Chandran,,Ar,-,,2025
Auqib Nabi,,Ar,-,,2025
Rohit Rayudu,,Ar,-,,2025
Uday Saharan,,Ar,-,,2025
Ayush Vartak,,Ar,-,,2025
Baba Aparajith,,Ar,-,,2025
Sumit Beniwal,,Ar,-,,2025
Nishunk Birla,,Ar,-,,2025
Digvijay Deshmukh,,Ar,-,,2025
Lakshay Jain,,Ar,-,,2025
Duan Jansen,,Ar,-,,2025
Kritagya Singh,,Ar,-,,2025
P Vignesh,,Ar,-,,2025
Sabhay Chadha,,Ar,-,,2025
Benny Howell,,Ar,-,,2025
Hemanth Kumar,,Ar,-,,2025
Rohan Rana,,Ar,-,,2025
Bharat Sharma,,Ar,-,,2025
Pratham Singh,,Ar,-,,2025
Tripurana Vijay,Indian,Ar,DC,0.3,2025
Ravi Kumar Yadav,,Ar,-,,2025
Arjun Azad,,Ar,-,,2025
Abhay Choudhary,,Ar,-,,2025
Gaurav Gambhir,,Ar,-,,2025
Shubham Garhwal,,Ar,-,,2025
Tejasvi Jaiswal,,Ar,-,,2025
Sairaj Patil,,Ar,-,,2025
Madhav Tiwari,Indian,Ar,DC,0.4,2025
Kamal Tripathi,,Ar,-,,2025
Prashant Chauhan,,Ar,-,,2025
Yash Dabas,Indian,Ar,-,,2025
Dhruv Kaushik,Indian,Ar,-,,2025
Khrievitso Kense,,Ar,-,,2025
Akash Parkar,Indian,Ar,-,,2025
Vignesh Puthur,Indian,Ar,MI,0.3,2025
Tripuresh Singh,Indian,Ar,-,,2025
Vijay Yadav,Indian,Ar,-,,2025
Jofra Archer,Overseas,Bowl,RR,12.5,2025
Saurabh Netravalkar,Indian,Bowl,-,,2025
Hardik Tamore,Indian,Wk,-,,2025
Daryl Mitchell,,Ar,-,,2025
